name,name_of_building,Super_Area,Under_Construction,Transaction,Furnishing,Bathroom,price,builder
"3 BHK Flat for Sale in Risland Sky Mansion, Chattarpur, New Delhi",Risland Sky Mansion,"SUPER AREA
3300 sqft","STATUS
Ready to Move","TRANSACTION
New Property","FURNISHING
Semi-Furnished","SOCIETY
Risland Sky Mansion","₹
6.41 Cr",Builder: Risland India
"3 BHK Flat for Sale in Leela Skyvillas Navin Minar, Patel Nagar, New Delhi",Leela Skyvillas Navin Minar,"SUPER AREA
2306 sqft","UNDER CONSTRUCTION
Poss. by Aug '25","TRANSACTION
New Property","FURNISHING
Unfurnished","SOCIETY
Leela Skyvillas Navin Minar","₹
6.98 Cr",Builder: Raheja Developers Ltd.
"3 BHK Flat for Sale in DLF One Midtown, Moti Nagar, Kirti Nagar, New Delhi",M2K Victoria Gardens,"CARPET AREA
1300 sqft","STATUS
Ready to Move","FLOOR
Ground out of 5","TRANSACTION
Resale","FURNISHING
Semi-Furnished","₹
5.91 Cr",Builder: M2K
"3 BHK Flat for Sale in DLF One Midtown, Moti Nagar, Kirti Nagar, New Delhi",,"CARPET AREA
1000 sqft","STATUS
Ready to Move","FLOOR
Ground out of 4","TRANSACTION
Resale","FURNISHING
Semi-Furnished","₹
5.91 Cr",
"3 BHK Flat for Sale in Godrej South Estate, Okhla, New Delhi",,"CARPET AREA
1450 sqft","STATUS
Ready to Move","FLOOR
2 out of 3","TRANSACTION
Resale","FURNISHING
Semi-Furnished","₹
7.02 Cr",
"3 BHK Flat for Sale in TARC Kailasa, Kirti Nagar, New Delhi",,"CARPET AREA
870 sqft","STATUS
Ready to Move","FLOOR
4 out of 4","TRANSACTION
Resale","FURNISHING
Unfurnished","₹
9.10 Cr",
"3 BHK Flat for Sale in M2K Victoria Gardens, Model Town, New Delhi",,"SUPER AREA
2000 sqft","STATUS
Ready to Move","FLOOR
Ground out of 4","TRANSACTION
Resale","FURNISHING
Semi-Furnished","₹
3.50 Cr",
"3 BHK Flat for Sale in Premium Builder Floor, Greater Kailash 1, New Delhi",,"SUPER AREA
1942 sqft","STATUS
Ready to Move","FLOOR
5 out of 10","TRANSACTION
Resale","FURNISHING
Unfurnished","₹
6.25 Cr",
"2 BHK Flat for Sale in Saket, New Delhi",,"SUPER AREA
558 sqft","STATUS
Ready to Move","FLOOR
3 out of 4","TRANSACTION
Resale","FURNISHING
Furnished","₹
45 Lac",
"3 BHK Flat for Sale in Safdarjung Enclave, New Delhi",,"SUPER AREA
1800 sqft","STATUS
Ready to Move","FLOOR
9 out of 10","TRANSACTION
Resale","FURNISHING
Furnished","₹
5.50 Cr",
"3 BHK Flat for Sale in Safdarjung Enclave, New Delhi",,"SUPER AREA
60 sqm","STATUS
Ready to Move","FLOOR
3 out of 4","TRANSACTION
Resale","FURNISHING
Semi-Furnished","₹
4.50 Cr",
"3 BHK Flat for Sale in Kishangarh, Vasant Kunj, New Delhi",,"CARPET AREA
550 sqft","STATUS
Ready to Move","FLOOR
1 out of 4","TRANSACTION
Resale","FURNISHING
Semi-Furnished","₹
1.25 Cr",
"3 BHK Flat for Sale in Defence Colony, New Delhi",,"SUPER AREA
900 sqft","STATUS
Ready to Move","FLOOR
Ground out of 3","TRANSACTION
Resale","FURNISHING
Semi-Furnished","₹
6.75 Cr",
"3 BHK Flat for Sale in Saksham Apartment, Sector 10 Dwarka, New Delhi",,"CARPET AREA
900 sqft","STATUS
Ready to Move","FLOOR
5 out of 5","TRANSACTION
Resale","FURNISHING
Semi-Furnished","₹
2.60 Cr",
"3 BHK Flat for Sale in DDA Flats Vasant Kunj, Vasant Kunj, New Delhi",,"CARPET AREA
1750 sqft","STATUS
Ready to Move","FLOOR
Ground out of 2","TRANSACTION
Resale","FURNISHING
Semi-Furnished","₹
3.30 Cr",
"3 BHK Flat for Sale in Defence Colony, New Delhi",,"CARPET AREA
1000 sqft","STATUS
Ready to Move","FLOOR
1 out of 4","TRANSACTION
Resale","FURNISHING
Unfurnished","₹
6.50 Cr",
"2 BHK Flat for Sale in Classic Apartment, Sector 22 Dwarka, New Delhi",,"SUPER AREA
55 sqyrd","STATUS
Ready to Move","FLOOR
1 out of 5","TRANSACTION
Resale","FURNISHING
Furnished","₹
2.20 Cr",
"3 BHK Flat for Sale in Mahavir Enclave, New Delhi",,"CARPET AREA
1050 sqft","STATUS
Ready to Move","FLOOR
2 out of 4","TRANSACTION
Resale","FURNISHING
Unfurnished","₹
90 Lac",
"3 BHK Flat for Sale in DDA Flats Munirka, Munirka, New Delhi",,"SUPER AREA
1000 sqft","STATUS
Ready to Move","FLOOR
Ground out of 3","TRANSACTION
Resale","FURNISHING
Semi-Furnished","₹
1.75 Cr",
"3 BHK Flat for Sale in Sector 24 Rohini, New Delhi",,"CARPET AREA
90 sqyrd","STATUS
Ready to Move","FLOOR
Ground out of 4","TRANSACTION
Resale","FURNISHING
Semi-Furnished","₹
83 Lac",
"3 BHK Flat for Sale in Raj Vihar Apartment, Sector 18 Dwarka, New Delhi",,"CARPET AREA
1020 sqft","STATUS
Ready to Move","FLOOR
1 out of 4","TRANSACTION
New Property","FURNISHING
Semi-Furnished","₹
2.55 Cr",
"2 BHK Flat for Sale in DLF One Midtown, Moti Nagar, Kirti Nagar, New Delhi",,"SUPER AREA
680 sqft","STATUS
Ready to Move","TRANSACTION
Resale","FURNISHING
Unfurnished","BATHROOM
2","₹
3.93 Cr",
"3 BHK Flat for Sale in DLF Chattarpur Farms, Chattarpur, New Delhi",,"CARPET AREA
1240 sqft","STATUS
Ready to Move","FLOOR
3 out of 4","TRANSACTION
Resale","FURNISHING
Semi-Furnished","₹
1.09 Cr",
"3 BHK Flat for Sale in New Jyoti Apartments, Dwarka, New Delhi",,"SUPER AREA
65 sqyrd","STATUS
Ready to Move","FLOOR
1 out of 4","TRANSACTION
Resale","FURNISHING
Semi-Furnished","₹
2.65 Cr",
"3 BHK Flat for Sale in Saket, New Delhi",,"CARPET AREA
900 sqft","STATUS
Ready to Move","FLOOR
1 out of 4","TRANSACTION
Resale","FURNISHING
Semi-Furnished","₹
3.75 Cr",
"2 BHK Flat for Sale in Uttam Nagar, New Delhi",,"SUPER AREA
60 sqm","STATUS
Ready to Move","FLOOR
3 out of 4","TRANSACTION
Resale","FURNISHING
Furnished","₹
18 Lac",
"2 BHK Flat for Sale in DLF Capital Greens 1 and 2, Moti Nagar, Kirti Nagar, New Delhi",,"CARPET AREA
540 sqft","STATUS
Ready to Move","FLOOR
1 out of 4","TRANSACTION
New Property","FURNISHING
Semi-Furnished","₹
3.62 Cr",
"3 BHK Flat for Sale in Defence Colony, New Delhi",,"CARPET AREA
892 sqft","STATUS
Ready to Move","FLOOR
1 out of 4","TRANSACTION
Resale","FURNISHING
Semi-Furnished","₹
7.50 Cr",
"3 BHK Flat for Sale in Ashoka Enclave Apartment, Sector 11 Dwarka, New Delhi",,"CARPET AREA
750 sqft","STATUS
Ready to Move","FLOOR
1 out of 4","TRANSACTION
Resale","FURNISHING
Semi-Furnished","₹
2.31 Cr",
"3 BHK Flat for Sale in Chattarpur, New Delhi",,"CARPET AREA
990 sqft","STATUS
Ready to Move","FLOOR
3 out of 4","TRANSACTION
Resale","FURNISHING
Semi-Furnished","₹
50 Lac",
2 BHK House for Sale in Sector 24 Rohini New Delhi,,"CARPET AREA
1750 sqft","STATUS
Ready to Move","FLOOR
2 out of 4","TRANSACTION
New Property","FURNISHING
Semi-Furnished","₹
95 Lac",
"3 BHK Apartment for Sale in New Jai Bharat Apartment, Dwarka New Delhi",,"CARPET AREA
720 sqft","STATUS
Ready to Move","FLOOR
2 out of 12","TRANSACTION
New Property","FURNISHING
Semi-Furnished","₹
2.21 Cr",
3 BHK Builder Floor for Sale in Chattarpur New Delhi,,"CARPET AREA
1050 sqft","STATUS
Ready to Move","FLOOR
Ground out of 4","TRANSACTION
Resale","FURNISHING
Semi-Furnished","₹
82 Lac",
2 BHK Builder Floor for Sale in Govindpuri New Delhi,,"CARPET AREA
1800 sqft","STATUS
Ready to Move","FLOOR
3 out of 10","TRANSACTION
Resale","FURNISHING
Semi-Furnished","₹
45 Lac",
3 BHK Builder Floor for Sale in Greater Kailash 2 New Delhi,,"CARPET AREA
1700 sqft","STATUS
Ready to Move","FLOOR
5 out of 10","TRANSACTION
Resale","FURNISHING
Semi-Furnished","₹
6.50 Cr",
2 BHK Builder Floor for Sale in Mahavir Enclave Part 1 New Delhi,,"CARPET AREA
800 sqft","STATUS
Ready to Move","FLOOR
2 out of 4","TRANSACTION
Resale","FURNISHING
Semi-Furnished","₹
55 Lac",
"3 BHK Apartment for Sale in Him Hit Sadbhavna Apartments, Sector 22 Dwarka New Delhi",,"CARPET AREA
720 sqft","STATUS
Ready to Move","FLOOR
1 out of 3","TRANSACTION
Resale","FURNISHING
Semi-Furnished","₹
2.40 Cr",
2 BHK Builder Floor for Sale in Uttam Nagar New Delhi,,"CARPET AREA
1600 sqft","STATUS
Ready to Move","FLOOR
3 out of 10","TRANSACTION
Resale","FURNISHING
Semi-Furnished","₹
33 Lac",
3 BHK Builder Floor for Sale in Greater Kailash 1 New Delhi,,"CARPET AREA
1550 sqft","STATUS
Ready to Move","FLOOR
2 out of 4","TRANSACTION
Resale","FURNISHING
Semi-Furnished",,
"3 BHK Apartment for Sale in Fancy Apartments, Vasundhara Enclave New Delhi",,"SUPER AREA
2000 sqft","TRANSACTION
Resale","FLOOR
1 out of 5","TRANSACTION
Resale","FURNISHING
Semi-Furnished",,
3 BHK Builder Floor for Sale in Defence Colony New Delhi,,"SUPER AREA
1180 sqft","STATUS
Ready to Move","FLOOR
2 out of 3","TRANSACTION
Resale","FURNISHING
Unfurnished",,
"2 BHK Apartment for Sale in DDA Flats Munirka, Munirka New Delhi",,"CARPET AREA
1900 sqft","STATUS
Ready to Move","FLOOR
2 out of 4","TRANSACTION
Resale","FURNISHING
Semi-Furnished",,
3 BHK Builder Floor for Sale in Green Park New Delhi,,"CARPET AREA
530 sqft","STATUS
Ready to Move","FLOOR
2 out of 4","TRANSACTION
Resale","FURNISHING
Semi-Furnished",,
3 BHK Builder Floor for Sale in Laxmi Nagar New Delhi,,"CARPET AREA
1255 sqft","STATUS
Ready to Move","FLOOR
2 out of 4","TRANSACTION
Resale","FURNISHING
Semi-Furnished",,
"3 BHK Apartment for Sale in Manchahat Apartments, Sector 10 Dwarka New Delhi",,"CARPET AREA
1350 sqft","STATUS
Ready to Move","FLOOR
2 out of 3","TRANSACTION
Resale","FURNISHING
Semi-Furnished",,
3 BHK Builder Floor for Sale in Safdarjung Enclave New Delhi,,"CARPET AREA
100 sqyrd","STATUS
Ready to Move","FLOOR
2 out of 4","TRANSACTION
Resale","FURNISHING
Semi-Furnished",,
"3 BHK Builder Floor for Sale in Prime Luxury Builder Floor, Greater Kailash 1 New Delhi",,"CARPET AREA
1125 sqft","STATUS
Ready to Move","FLOOR
Ground out of 3","TRANSACTION
Resale","FURNISHING
Semi-Furnished",,
"3 BHK Apartment for Sale in Suruchi Apartments, Sector 10 Dwarka New Delhi",,"CARPET AREA
1400 sqft","UNDER CONSTRUCTION
Poss. by Aug '25","TRANSACTION
New Property","FURNISHING
Unfurnished","BATHROOM
4",,
2 BHK Builder Floor for Sale in Sector 24 Rohini New Delhi,,"SUPER AREA
2290 sqft","FLOOR
4 out of 22","FLOOR
1 out of 4","TRANSACTION
Resale","FURNISHING
Unfurnished",,
"2 BHK Apartment for Sale in DDA Flats Sector D Pocket 7, Vasant Kunj New Delhi",,"CARPET AREA
183 sqyrd","STATUS
Ready to Move","FLOOR
2 out of 4","TRANSACTION
Resale","FURNISHING
Semi-Furnished",,
"3 BHK Apartment for Sale in DDA Flats Sarita Vihar, Sarita Vihar, Mathura Road New Delhi",,"CARPET AREA
1000 sqft","STATUS
Ready to Move","FLOOR
3 out of 3","TRANSACTION
Resale","FURNISHING
Semi-Furnished",,
"3 BHK Apartment for Sale in DDA Flats Sector C Pocket 8, Vasant Kunj New Delhi",,"CARPET AREA
200 sqyrd","STATUS
Ready to Move","FLOOR
1 out of 4","TRANSACTION
Resale","FURNISHING
Unfurnished",,
3 BHK Builder Floor for Sale in Greater Kailash 1 New Delhi,,"SUPER AREA
900 sqft","STATUS
Ready to Move","FLOOR
1 out of 4","TRANSACTION
Resale","FURNISHING
Semi-Furnished",,
3 BHK Builder Floor for Sale in Greater Kailash 1 New Delhi,,"CARPET AREA
595 sqft","STATUS
Ready to Move","FLOOR
3 out of 4","TRANSACTION
Resale","FURNISHING
Semi-Furnished",,
3 BHK Apartment for Sale in Sector 10 Dwarka New Delhi,,"CARPET AREA
580 sqft","STATUS
Ready to Move","FLOOR
2 out of 4","TRANSACTION
Resale","FURNISHING
Furnished",,
3 BHK Builder Floor for Sale in Sector 24 Rohini New Delhi,,"CARPET AREA
1300 sqft","STATUS
Ready to Move","FLOOR
Ground out of 2","TRANSACTION
Resale","FURNISHING
Semi-Furnished",,
3 BHK Apartment for Sale in Anand Lok New Delhi,,"CARPET AREA
1050 sqft","STATUS
Ready to Move","FLOOR
3 out of 7","TRANSACTION
Resale","FURNISHING
Furnished",,
3 BHK Builder Floor for Sale in Greater Kailash 1 New Delhi,,"CARPET AREA
1400 sqft","STATUS
Ready to Move","FLOOR
2 out of 4","TRANSACTION
Resale","FURNISHING
Unfurnished",,
3 BHK Builder Floor for Sale in Punjabi Bagh New Delhi,,"CARPET AREA
84 sqft","STATUS
Ready to Move","FLOOR
1 out of 4","TRANSACTION
Resale","FURNISHING
Furnished",,
"3 BHK Apartment for Sale in DDA Flats Sarita Vihar, Sarita Vihar, Mathura Road New Delhi",,"CARPET AREA
1600 sqft","STATUS
Ready to Move","FLOOR
3 out of 4","TRANSACTION
Resale","FURNISHING
Semi-Furnished",,
3 BHK Builder Floor for Sale in Panchsheel Enclave New Delhi,,"CARPET AREA
100 sqyrd","STATUS
Ready to Move","FLOOR
Ground out of 3","TRANSACTION
Resale","FURNISHING
Semi-Furnished",,
"3 BHK Builder Floor for Sale in Omdev Homes, Greater Kailash 1 New Delhi",,"CARPET AREA
900 sqft","STATUS
Ready to Move","FLOOR
3 out of 4","TRANSACTION
New Property","FURNISHING
Semi-Furnished",,
3 BHK Apartment for Sale in Uttam Nagar New Delhi,,"CARPET AREA
990 sqft","STATUS
Ready to Move","FLOOR
2 out of 4","TRANSACTION
New Property","FURNISHING
Unfurnished",,
3 BHK Builder Floor for Sale in Mahavir Enclave New Delhi,,"CARPET AREA
65 sqyrd","STATUS
Ready to Move","FLOOR
1 out of 4","TRANSACTION
Resale","FURNISHING
Unfurnished",,
3 BHK Builder Floor for Sale in Sector 8 Dwarka New Delhi,,"CARPET AREA
1300 sqft","STATUS
Ready to Move","FLOOR
1 out of 4","TRANSACTION
Resale","FURNISHING
Unfurnished",,
3 BHK Builder Floor for Sale in Green Park New Delhi,,"SUPER AREA
55 sqyrd","STATUS
Ready to Move","FLOOR
2 out of 4","TRANSACTION
Resale","FURNISHING
Unfurnished",,
"3 BHK Apartment for Sale in Chetak Apartment, Sector 9 Rohini New Delhi",,"CARPET AREA
450 sqft","STATUS
Ready to Move","FLOOR
1 out of 5","TRANSACTION
Resale","FURNISHING
Semi-Furnished",,
"2 BHK Apartment for Sale in Vikrant Apartment, Sector 13 Rohini New Delhi",,"CARPET AREA
1000 sqft","STATUS
Ready to Move","FLOOR
1 out of 3","TRANSACTION
Resale","FURNISHING
Unfurnished",,
"3 BHK Apartment for Sale in DDA Flats Sarita Vihar, Sarita Vihar, Mathura Road New Delhi",,"CARPET AREA
2000 sqft","STATUS
Ready to Move","FLOOR
1 out of 4","TRANSACTION
Resale","FURNISHING
Unfurnished",,
"2 BHK Apartment for Sale in Saraswati Narmada Ganga Yamuna Apartment, Vasant Kunj New Delhi",,"CARPET AREA
900 sqft","STATUS
Ready to Move","FLOOR
3 out of 6","TRANSACTION
Resale","FURNISHING
Semi-Furnished",,
"2 BHK Apartment for Sale in DDA Shubham Apartment, Patparganj New Delhi",,"SUPER AREA
1600 sqft","STATUS
Ready to Move","FLOOR
3 out of 4","TRANSACTION
Resale","FURNISHING
Unfurnished",,
3 BHK Builder Floor for Sale in Greater Kailash 1 New Delhi,,"CARPET AREA
1600 sqft","STATUS
Ready to Move","FLOOR
3 out of 3","TRANSACTION
Resale","FURNISHING
Semi-Furnished",,
3 BHK Apartment for Sale in Sector 6 Dwarka New Delhi,,"CARPET AREA
950 sqft","STATUS
Ready to Move","FLOOR
2 out of 3","TRANSACTION
Resale","FURNISHING
Semi-Furnished",,
"3 BHK Apartment for Sale in Sunny Valley Apartments, Dwarka New Delhi",,"CARPET AREA
1020 sqft","STATUS
Ready to Move","FLOOR
2 out of 4","TRANSACTION
Resale","FURNISHING
Semi-Furnished",,
3 BHK Builder Floor for Sale in Janakpuri New Delhi,,"CARPET AREA
950 sqft","STATUS
Ready to Move","FLOOR
3 out of 4","TRANSACTION
Resale","FURNISHING
Unfurnished",,
"3 BHK Builder Floor for Sale in Luxury Builder Floor, Greater Kailash 2 New Delhi",,"CARPET AREA
900 sqft","STATUS
Ready to Move","FLOOR
4 out of 7","TRANSACTION
Resale","FURNISHING
Semi-Furnished",,
"3 BHK Apartment for Sale in Shiv Shakti Apartment, Sector 10 Dwarka New Delhi",,"CARPET AREA
1400 sqft","STATUS
Ready to Move","FLOOR
1 out of 4","TRANSACTION
New Property","FURNISHING
Semi-Furnished",,
"3 BHK Apartment for Sale in Pacific Apartment, Sector 10 Dwarka New Delhi",,"CARPET AREA
100 sqyrd","STATUS
Ready to Move","FLOOR
2 out of 4","TRANSACTION
Resale","FURNISHING
Semi-Furnished",,
"3 BHK Apartment for Sale in Aero View Heights, Sector 22 Dwarka New Delhi",,"CARPET AREA
1050 sqft","STATUS
Ready to Move","FLOOR
2 out of 5","TRANSACTION
Resale","FURNISHING
Semi-Furnished",,
"3 BHK Apartment for Sale in Aero View Heights, Sector 22 Dwarka New Delhi",,"CARPET AREA
1050 sqft","STATUS
Ready to Move","FLOOR
1 out of 7","TRANSACTION
Resale","FURNISHING
Semi-Furnished",,
"3 BHK Apartment for Sale in Princess Park Apartments, Sector 6 Dwarka New Delhi",,"CARPET AREA
1550 sqft","STATUS
Ready to Move","FLOOR
4 out of 7","TRANSACTION
Resale","FURNISHING
Semi-Furnished",,
"3 BHK Apartment for Sale in Rashi Apartments, Sector 7 Dwarka New Delhi",,"CARPET AREA
1250 sqft","STATUS
Ready to Move","FLOOR
2 out of 4","TRANSACTION
Resale","FURNISHING
Semi-Furnished",,
"3 BHK Apartment for Sale in Vidya Sagar Apartments, Sector 6 Dwarka New Delhi",,"CARPET AREA
1300 sqft","STATUS
Ready to Move","FLOOR
3 out of 4","TRANSACTION
New Property","FURNISHING
Semi-Furnished",,
"3 BHK Apartment for Sale in Mayank Mansion, Sector 6 Dwarka New Delhi",,"CARPET AREA
1350 sqft","STATUS
Ready to Move","FLOOR
2 out of 4","TRANSACTION
Resale","FURNISHING
Semi-Furnished",,
"3 BHK Apartment for Sale in Lords Apartments, Sector 19 Dwarka New Delhi",,"CARPET AREA
1400 sqft","STATUS
Ready to Move","FLOOR
Ground out of 4","TRANSACTION
Resale","FURNISHING
Unfurnished",,
"3 BHK Apartment for Sale in Sector 5 Pocket 1 DDA SFS Flats, Sector 5 Dwarka New Delhi",,"CARPET AREA
900 sqft","STATUS
Ready to Move","FLOOR
Ground out of 3","TRANSACTION
Resale","FURNISHING
Semi-Furnished",,
"3 BHK Apartment for Sale in Pacific Apartment, Sector 10 Dwarka New Delhi",,"CARPET AREA
860 sqft","STATUS
Ready to Move","FLOOR
8 out of 11","TRANSACTION
Resale","FURNISHING
Semi-Furnished",,
"3 BHK Apartment for Sale in Shree Ganesh Apartment, Sector 7 Dwarka New Delhi",,"CARPET AREA
1937 sqft","STATUS
Ready to Move","FLOOR
2 out of 4","TRANSACTION
Resale","FURNISHING
Semi-Furnished",,
"3 BHK Apartment for Sale in New Jyoti Apartments, Sector 4 Dwarka New Delhi",,"CARPET AREA
1300 sqft","STATUS
Ready to Move","FLOOR
1 out of 1","TRANSACTION
Resale","FURNISHING
Semi-Furnished",,
"3 BHK Apartment for Sale in Baroda House Apartment, Sector 10 Dwarka New Delhi",,"SUPER AREA
1300 sqft","STATUS
Ready to Move","TRANSACTION
Resale","FURNISHING
Semi-Furnished","SOCIETY
Metrotech Builder Floors",,
"3 BHK Apartment for Sale in Seema Apartments, Sector 11 Dwarka New Delhi",,"CARPET AREA
800 sqft","STATUS
Ready to Move","FURNISHING
Semi-Furnished","BATHROOM
3","FURNISHING
Semi-Furnished",,
"3 BHK Apartment for Sale in Air India Employees Apartment, Dwarka Sector 3 New Delhi",,"SUPER AREA
1800 sqft","TRANSACTION
Resale","FLOOR
2 out of 4","TRANSACTION
Resale","BATHROOM
2",,
"3 BHK Apartment for Sale in DLF Midtown Plaza, Moti Nagar, Kirti Nagar New Delhi",,"SUPER AREA
650 sqft","STATUS
Ready to Move","FURNISHING
Semi-Furnished","BATHROOM
2","FURNISHING
Unfurnished",,
"3 BHK Apartment for Sale in The Consulate Apartment, Sector 24 Dwarka New Delhi",,"CARPET AREA
57 sqm","TRANSACTION
Resale","TRANSACTION
Resale","FURNISHING
Unfurnished","FURNISHING
Unfurnished",,
"3 BHK Apartment for Sale in Antriksh Shivalik Apartments, Sector 6 Dwarka New Delhi",,"CARPET AREA
20 sqyrd","STATUS
Ready to Move","FLOOR
5 out of 5","TRANSACTION
Resale","FURNISHING
Furnished",,
"3 BHK Apartment for Sale in Sukh Sagar Apartment, Dwarka Sector 9 New Delhi",,"CARPET AREA
750 sqft","STATUS
Ready to Move","FLOOR
2 out of 4","TRANSACTION
Resale","FURNISHING
Furnished",,
"3 BHK Apartment for Sale in Mahajan Shree Apartments, Sector 23 Dwarka New Delhi",,"SUPER AREA
540 sqft","STATUS
Ready to Move","FLOOR
1 out of 10","TRANSACTION
Resale","FURNISHING
Semi-Furnished",,
"3 BHK Apartment for Sale in Sukh Sagar Apartment, Dwarka Sector 9 New Delhi",,"SUPER AREA
2100 sqft","STATUS
Ready to Move","FLOOR
Ground out of 3","TRANSACTION
Resale","FURNISHING
Semi-Furnished",,
"3 BHK Apartment for Sale in Rohit Apartments, Sector 10 Dwarka New Delhi",,"SUPER AREA
1250 sqft","STATUS
Ready to Move","FLOOR
2 out of 3","TRANSACTION
Resale","FURNISHING
Unfurnished",,
"2 BHK Apartment for Sale in RWA Jasola, Jasola New Delhi",,"SUPER AREA
990 sqft","STATUS
Ready to Move","FLOOR
2 out of 3","TRANSACTION
Resale","FURNISHING
Unfurnished",,
"2 BHK Apartment for Sale in Lords Apartments, Sector 19 Dwarka New Delhi",,"SUPER AREA
1050 sqft","STATUS
Ready to Move","FLOOR
Ground out of 4","TRANSACTION
Resale","FURNISHING
Unfurnished",,
"3 BHK Apartment for Sale in DDA Flats Vasant Kunj, Nangal Dewat New Delhi",,"SUPER AREA
1000 sqft","STATUS
Ready to Move","FLOOR
1 out of 4","TRANSACTION
Resale","FURNISHING
Semi-Furnished",,
"3 BHK Apartment for Sale in Godrej South Estate, Abul Fazal Enclave New Delhi",,"SUPER AREA
1050 sqft","STATUS
Ready to Move","FLOOR
1 out of 3","TRANSACTION
Resale","FURNISHING
Furnished",,
"2 BHK Apartment for Sale in DDA Flats Sarita Vihar, Sarita Vihar, Mathura Road New Delhi",,"SUPER AREA
1000 sqft","STATUS
Ready to Move","FLOOR
3 out of 4","TRANSACTION
Resale","FURNISHING
Semi-Furnished",,
3 BHK Builder Floor for Sale in Sector 24 Rohini New Delhi,,"CARPET AREA
850 sqft","STATUS
Ready to Move","FLOOR
2 out of 4","TRANSACTION
Resale","FURNISHING
Semi-Furnished",,
"3 BHK Apartment for Sale in Airlines Apartments, Sector 23 Dwarka New Delhi",,"CARPET AREA
1200 sqft","STATUS
Ready to Move","FURNISHING
Furnished","BATHROOM
2","FURNISHING
Semi-Furnished",,
"3 BHK Apartment for Sale in Pacific Apartment, Sector 10 Dwarka New Delhi",,"SUPER AREA
950 sqft","TRANSACTION
Resale","FLOOR
2 out of 4","TRANSACTION
Resale","FURNISHING
Semi-Furnished",,
"3 BHK Apartment for Sale in Umang Winter Hills, Dwarka Mor New Delhi",,"SUPER AREA
540 sqft","STATUS
Ready to Move","FLOOR
2 out of 5","TRANSACTION
Resale","FURNISHING
Unfurnished",,
"3 BHK Builder Floor for Sale in Karkardooma, Anand Vihar New Delhi",,"SUPER AREA
1080 sqft","STATUS
Ready to Move","FLOOR
4 out of 4","TRANSACTION
Resale","FURNISHING
Semi-Furnished",,
3 BHK Builder Floor for Sale in Model Town New Delhi,,"CARPET AREA
900 sqft","STATUS
Ready to Move","FLOOR
4 out of 4","TRANSACTION
Resale","FURNISHING
Semi-Furnished",,
"3 BHK Apartment for Sale in Gangotri Pocket C, Alaknanda New Delhi",,"CARPET AREA
1115 sqft","STATUS
Ready to Move","FLOOR
7 out of 28","TRANSACTION
New Property","FURNISHING
Semi-Furnished",,
"3 BHK Apartment for Sale in Risland Sky Mansion, Chattarpur New Delhi",,"CARPET AREA
2300 sqft","UNDER CONSTRUCTION
Poss. by May '25","FLOOR
2 out of 2","TRANSACTION
Resale","BATHROOM
3",,
"3 BHK Builder Floor for Sale in DDA New Line Apartment, Mehrauli New Delhi",,"CARPET AREA
120 sqyrd","STATUS
Ready to Move","FLOOR
2 out of 6","TRANSACTION
Resale","SOCIETY
DDA Flats Pocket D",,
3 BHK Builder Floor for Sale in Preet Vihar New Delhi,,"SUPER AREA
60 sqyrd","STATUS
Ready to Move","FLOOR
Ground out of 4","TRANSACTION
Resale","SOCIETY
DDA Flats Pocket D",,
"3 BHK Builder Floor for Sale in Yojana Vihar RWA, Anand Vihar New Delhi",,"SUPER AREA
60 sqm","STATUS
Ready to Move","FURNISHING
Semi-Furnished","SOCIETY
Mayfair Apartments","SOCIETY
Project Gangotri Enclave",,
"2 BHK Apartment for Sale in DDA Flats Vasant Kunj, Vasant Kunj New Delhi",,"STATUS
Ready to Move","TRANSACTION
Resale","TRANSACTION
Resale","FURNISHING
Semi-Furnished","FURNISHING
Semi-Furnished",,
3 BHK Builder Floor for Sale in Chanakyapuri New Delhi,,"SUPER AREA
1500 sqft","STATUS
Ready to Move","TRANSACTION
Resale","FURNISHING
Semi-Furnished","FURNISHING
Unfurnished",,
"3 BHK Apartment for Sale in Godrej South Estate, Okhla New Delhi",,"SUPER AREA
1500 sqft","STATUS
Ready to Move","TRANSACTION
Resale","FURNISHING
Semi-Furnished","FURNISHING
Unfurnished",,
3 BHK Builder Floor for Sale in Safdarjung Enclave New Delhi,,"SUPER AREA
1850 sqft","STATUS
Ready to Move","FLOOR
3 out of 4","TRANSACTION
Resale","FURNISHING
Semi-Furnished",,
"3 BHK Apartment for Sale in TARC Kailasa, Kirti Nagar New Delhi",,"SUPER AREA
80 sqyrd","STATUS
Ready to Move","FLOOR
2 out of 4","TRANSACTION
Resale","FURNISHING
Semi-Furnished",,
"3 BHK Apartment for Sale in TARC Tripundra, Bijwasan New Delhi",,"SUPER AREA
450 sqft","STATUS
Ready to Move","FLOOR
4 out of 8","TRANSACTION
Resale","FURNISHING
Furnished",,
"3 BHK Apartment for Sale in Sawasdee Heights, Lawrence Road New Delhi",,"SUPER AREA
1600 sqft","STATUS
Ready to Move","FLOOR
6 out of 7","TRANSACTION
Resale","FURNISHING
Semi-Furnished",,
"3 BHK Apartment for Sale in Planner N Maker Homes, Uttam Nagar West New Delhi",,"SUPER AREA
1200 sqft","STATUS
Ready to Move","FLOOR
6 out of 8","TRANSACTION
Resale","FURNISHING
Unfurnished",,
"2 BHK Apartment for Sale in DLF Midtown Plaza, Block A New Moti Nagar New Delhi",,"SUPER AREA
1650 sqft","STATUS
Ready to Move","FLOOR
1 out of 1","TRANSACTION
Resale","FURNISHING
Semi-Furnished",,
2 BHK Builder Floor for Sale in Raj Nagar 2 Extension New Delhi,,"SUPER AREA
110 sqft","STATUS
Ready to Move","FLOOR
Ground out of 3","TRANSACTION
Resale","FURNISHING
Semi-Furnished",,
"2 BHK Apartment for Sale in DDA Sanskriti Apartments, Sector 19 Dwarka New Delhi",,"SUPER AREA
800 sqft","STATUS
Ready to Move","FLOOR
4 out of 4","TRANSACTION
Resale","FURNISHING
Unfurnished",,
3 BHK Builder Floor for Sale in Greater Kailash 2 New Delhi,,"SUPER AREA
600 sqft","STATUS
Ready to Move","FLOOR
1 out of 3","TRANSACTION
Resale","FURNISHING
Semi-Furnished",,
"3 BHK Apartment for Sale in Godrej South Estate, Okhla New Delhi",,"SUPER AREA
950 sqft","STATUS
Ready to Move","FLOOR
Ground out of 4","TRANSACTION
Resale","FURNISHING
Semi-Furnished",,
3 BHK Builder Floor for Sale in Defence Colony New Delhi,,"SUPER AREA
800 sqft","STATUS
Ready to Move","FLOOR
1 out of 7","TRANSACTION
Resale","FURNISHING
Semi-Furnished",,
"2 BHK Apartment for Sale in Godrej South Estate, Okhla New Delhi",,"SUPER AREA
950 sqft","STATUS
Ready to Move","FLOOR
2 out of 3","TRANSACTION
Resale","FURNISHING
Semi-Furnished",,
"2 BHK Builder Floor for Sale in Gupta Arcade Paschim Puri, Block A Paschim Vihar New Delhi",,"SUPER AREA
1500 sqft","STATUS
Ready to Move","FLOOR
2 out of 4","TRANSACTION
Resale","FURNISHING
Furnished",,
"3 BHK Apartment for Sale in Godrej Connaught One, DIZ Staff Quarters New Delhi",,"SUPER AREA
1000 sqft","STATUS
Ready to Move","FLOOR
Ground out of 4","TRANSACTION
Resale","FURNISHING
Unfurnished",,
"3 BHK Apartment for Sale in Godrej Prima, Okhla Phase 1 New Delhi",,"SUPER AREA
1050 sqft","STATUS
Ready to Move","FLOOR
2 out of 7","TRANSACTION
Resale","FURNISHING
Unfurnished",,
"3 BHK Apartment for Sale in Godrej South Estate, Okhla New Delhi",,"SUPER AREA
950 sqft","STATUS
Ready to Move","FLOOR
3 out of 3","TRANSACTION
Resale","FURNISHING
Unfurnished",,
2 BHK Builder Floor for Sale in Dwarka Mor New Delhi,,"SUPER AREA
1100 sqft","STATUS
Ready to Move","FLOOR
2 out of 4","TRANSACTION
Resale","FURNISHING
Semi-Furnished",,
"3 BHK Apartment for Sale in Godrej South Estate, Okhla New Delhi",,"SUPER AREA
1100 sqft","STATUS
Ready to Move","FLOOR
3 out of 3","TRANSACTION
Resale","FURNISHING
Semi-Furnished",,
"2 BHK Apartment for Sale in Godrej South Estate, Block A Okhla New Delhi",,"SUPER AREA
1050 sqft","STATUS
Ready to Move","FLOOR
3 out of 3","TRANSACTION
New Property","FURNISHING
Semi-Furnished",,
"3 BHK Apartment for Sale in Godrej South Estate, Okhla New Delhi",,"SUPER AREA
800 sqft","STATUS
Ready to Move","FLOOR
1 out of 4","TRANSACTION
Resale","FURNISHING
Semi-Furnished",,
3 BHK Builder Floor for Sale in Safdarjung Enclave New Delhi,,"SUPER AREA
1250 sqft","STATUS
Ready to Move","FLOOR
3 out of 3","TRANSACTION
Resale","FURNISHING
Furnished",,
3 BHK Builder Floor for Sale in Sector 11 Rohini New Delhi,,"SUPER AREA
1035 sqft","STATUS
Ready to Move","FLOOR
2 out of 4","TRANSACTION
New Property","FURNISHING
Semi-Furnished",,
3 BHK Builder Floor for Sale in Krishna Nagar New Delhi,,"SUPER AREA
1000 sqft","STATUS
Ready to Move","FLOOR
6 out of 9","TRANSACTION
Resale","FURNISHING
Semi-Furnished",,
"3 BHK Apartment for Sale in Godrej Connaught One, Connaught Place New Delhi",,"SUPER AREA
1525 sqft","STATUS
Ready to Move","FLOOR
2 out of 4","TRANSACTION
Resale","FURNISHING
Semi-Furnished",,
2 BHK Builder Floor for Sale in Phase 3 Model Town New Delhi,,"SUPER AREA
1650 sqft","STATUS
Ready to Move","FLOOR
4 out of 8","TRANSACTION
Resale","FURNISHING
Furnished",,
3 BHK Builder Floor for Sale in Block 2 Subhash Nagar New Delhi,,"SUPER AREA
1010 sqft","STATUS
Ready to Move","FLOOR
2 out of 7","TRANSACTION
New Property","FURNISHING
Unfurnished",,
3 BHK Apartment for Sale in Vishnu Garden New Delhi,,"SUPER AREA
1400 sqft","STATUS
Ready to Move","FLOOR
Ground out of 2","TRANSACTION
Resale","FURNISHING
Semi-Furnished",,
"2 BHK Apartment for Sale in DDA Flats Sector C Pocket 9, Vasant Kunj New Delhi",,"CARPET AREA
1500 sqft","STATUS
Ready to Move","FLOOR
3 out of 3","TRANSACTION
Resale","FURNISHING
Furnished",,
"3 BHK Apartment for Sale in Bahawalpur Apartment, Sector 4 Dwarka New Delhi",,"CARPET AREA
2700 sqft","STATUS
Ready to Move","FLOOR
1 out of 4","TRANSACTION
Resale","FURNISHING
Semi-Furnished",,
2 BHK Apartment for Sale in Block X10 West Patel Nagar New Delhi,,"CARPET AREA
700 sqft","STATUS
Ready to Move","FLOOR
8 out of 9","TRANSACTION
Resale","FURNISHING
Semi-Furnished",,
"3 BHK Apartment for Sale in Empire Apartment, Patel Garden, Dwarka New Delhi",,"SUPER AREA
1900 sqft","STATUS
Ready to Move","FLOOR
2 out of 4","TRANSACTION
Resale","FURNISHING
Semi-Furnished",,
"2 BHK Apartment for Sale in Om Apartments, Sector 14 Dwarka New Delhi",,"SUPER AREA
90 sqyrd","STATUS
Ready to Move","FLOOR
3 out of 4","TRANSACTION
Resale","FURNISHING
Unfurnished",,
"3 BHK Apartment for Sale in Shivalika Apartments, Dwarka Sector 9 New Delhi",,"SUPER AREA
65 sqyrd","STATUS
Ready to Move","FLOOR
1 out of 4","TRANSACTION
Resale","FURNISHING
Unfurnished",,
"3 BHK Apartment for Sale in Seema Apartments, Sector 11 Dwarka New Delhi",,"CARPET AREA
500 sqft","STATUS
Ready to Move","FLOOR
2 out of 4","TRANSACTION
Resale","FURNISHING
Semi-Furnished",,
3 BHK Builder Floor for Sale in Block AB Poorbi Shalimar Bag New Delhi,,"SUPER AREA
690 sqft","STATUS
Ready to Move","FLOOR
2 out of 5","TRANSACTION
Resale","FURNISHING
Semi-Furnished",,
"3 BHK Apartment for Sale in DLF Capital Greens 1 and 2, Moti Nagar, Kirti Nagar New Delhi",,"SUPER AREA
104 sqm","STATUS
Ready to Move","FLOOR
1 out of 5","TRANSACTION
Resale","FURNISHING
Semi-Furnished",,
3 BHK Builder Floor for Sale in Naraina Vihar New Delhi,,"SUPER AREA
1100 sqft","STATUS
Ready to Move","FLOOR
3 out of 4","TRANSACTION
Resale","FURNISHING
Semi-Furnished",,
"3 BHK Apartment for Sale in Sawasdee Heights, Lawrence Road New Delhi",,"CARPET AREA
95 sqyrd","STATUS
Ready to Move","FLOOR
3 out of 3","TRANSACTION
Resale","FURNISHING
Unfurnished",,
"3 BHK Apartment for Sale in DDA Nandan Apartment, Phase 1 Ashok Vihar New Delhi",,"CARPET AREA
1000 sqft","STATUS
Ready to Move","FLOOR
2 out of 4","TRANSACTION
Resale","FURNISHING
Unfurnished",,
2 BHK Builder Floor for Sale in Raja Puri Matiala New Delhi,,"SUPER AREA
150 sqyrd","STATUS
Ready to Move","FLOOR
1 out of 4","TRANSACTION
New Property","FURNISHING
Semi-Furnished",,
"2 BHK Apartment for Sale in DDA MIG Flats, Sector 29 Rohini New Delhi",,"CARPET AREA
1100 sqft","STATUS
Ready to Move","FLOOR
3 out of 4","TRANSACTION
Resale","FURNISHING
Semi-Furnished",,
3 BHK Apartment for Sale in Mohan Garden Uttam Nagar New Delhi,,"CARPET AREA
38 sqft","STATUS
Ready to Move","FLOOR
2 out of 4","TRANSACTION
Resale","FURNISHING
Unfurnished",,
2 BHK Builder Floor for Sale in Palam Colony Palam New Delhi,,"CARPET AREA
68 sqyrd","STATUS
Ready to Move","FLOOR
Ground out of 4","TRANSACTION
Resale","FURNISHING
Furnished",,
"2 BHK Apartment for Sale in DDA LIG Apartment, Uttari Pitampura New Delhi",,"SUPER AREA
100 sqft","STATUS
Ready to Move","FLOOR
2 out of 3","TRANSACTION
Resale","FURNISHING
Furnished",,
"3 BHK Apartment for Sale in Beverly Hills Apartments, Geeta Colony New Delhi",,"CARPET AREA
725 sqft","STATUS
Ready to Move","FLOOR
2 out of 5","TRANSACTION
Resale","FURNISHING
Semi-Furnished",,
"3 BHK Apartment for Sale in Anandlok Housing Society, Mayur Vihar 1 New Delhi",,"SUPER AREA
70 sqyrd","STATUS
Ready to Move","FURNISHING
Furnished","BATHROOM
2","FURNISHING
Unfurnished",,
3 BHK Apartment for Sale in Sector 15 Rohini New Delhi,,"SUPER AREA
1580 sqft","TRANSACTION
Resale","FLOOR
2 out of 3","TRANSACTION
Resale","FURNISHING
Unfurnished",,
3 BHK Builder Floor for Sale in Mukherjee Nagar New Delhi,,"SUPER AREA
713 sqft","STATUS
Ready to Move","FLOOR
1 out of 1","TRANSACTION
Resale","FURNISHING
Semi-Furnished",,
2 BHK Builder Floor for Sale in New Delhi,,"SUPER AREA
60 sqyrd","STATUS
Ready to Move","FLOOR
1 out of 3","TRANSACTION
Resale","FURNISHING
Semi-Furnished",,
2 BHK Apartment for Sale in Vijay Vihar New Delhi,,"SUPER AREA
1600 sqft","STATUS
Ready to Move","FLOOR
1 out of 5","TRANSACTION
Resale","FURNISHING
Semi-Furnished",,
"3 BHK Apartment for Sale in Godrej South Estate, Okhla Vihar, Okhla New Delhi",,"SUPER AREA
820 sqft","STATUS
Ready to Move","FLOOR
1 out of 4","TRANSACTION
Resale","FURNISHING
Unfurnished",,
"3 BHK Builder Floor for Sale in RWA Malviya Nagar, Malviya Nagar New Delhi",,"SUPER AREA
65 sqyrd","STATUS
Ready to Move","FLOOR
2 out of 4","TRANSACTION
Resale","FURNISHING
Semi-Furnished",,
3 BHK Builder Floor for Sale in Block A2 Janakpuri New Delhi,,"SUPER AREA
66 sqyrd","STATUS
Ready to Move","FLOOR
1 out of 1","TRANSACTION
Resale","FURNISHING
Semi-Furnished",,
"3 BHK Builder Floor for Sale in Moti Nagar, Kirti Nagar New Delhi",,"SUPER AREA
60 sqft","STATUS
Ready to Move","FLOOR
2 out of 4","TRANSACTION
Resale","SOCIETY
Palm Green",,
"3 BHK Builder Floor for Sale in Vipin Garden, Nawada New Delhi",,"SUPER AREA
105 sqyrd","STATUS
Ready to Move","FURNISHING
Furnished","BATHROOM
3","FURNISHING
Unfurnished",,
3 BHK Builder Floor for Sale in Block B3 Paschim Vihar New Delhi,,"SUPER AREA
175 sqyrd","TRANSACTION
Resale","FLOOR
2 out of 4","TRANSACTION
Resale","FURNISHING
Semi-Furnished",,
"2 BHK Builder Floor for Sale in Budella, Vikaspuri New Delhi",,"CARPET AREA
950 sqft","STATUS
Ready to Move","FURNISHING
Furnished","BATHROOM
1","FURNISHING
Unfurnished",,
3 BHK Builder Floor for Sale in Sector 23 Rohini New Delhi,,"SUPER AREA
100 sqft","TRANSACTION
Resale","FURNISHING
Semi-Furnished","BATHROOM
2","FURNISHING
Semi-Furnished",,
3 BHK Apartment for Sale in Sector C Vasant Kunj New Delhi,,"SUPER AREA
83 sqyrd","TRANSACTION
Resale","FLOOR
1 out of 5","TRANSACTION
Resale","FURNISHING
Semi-Furnished",,
"3 BHK Apartment for Sale in Azad Hind Apartments, Dwarka Sector 9 New Delhi",,"SUPER AREA
72 sqyrd","STATUS
Ready to Move","FLOOR
1 out of 4","TRANSACTION
Resale","FURNISHING
Unfurnished",,
3 BHK Builder Floor for Sale in Safdarjung Enclave New Delhi,,"SUPER AREA
1300 sqft","STATUS
Ready to Move","TRANSACTION
New Property","FURNISHING
Semi-Furnished","FURNISHING
Semi-Furnished",,
"3 BHK Apartment for Sale in Airlines Apartments, Sector 23 Dwarka New Delhi",,"SUPER AREA
1100 sqft","FLOOR
2 out of 4","FLOOR
2 out of 3","TRANSACTION
Resale","FURNISHING
Unfurnished",,
3 BHK Builder Floor for Sale in Sector 3 Rohini New Delhi,,"SUPER AREA
1100 sqft","STATUS
Ready to Move","FLOOR
2 out of 4","TRANSACTION
Resale","FURNISHING
Semi-Furnished",,
"3 BHK Apartment for Sale in Parsvnath Paramount, Subhash Nagar New Delhi",,"SUPER AREA
1200 sqft","STATUS
Ready to Move","FLOOR
3 out of 7","TRANSACTION
Resale","FURNISHING
Semi-Furnished",,
2 BHK Apartment for Sale in Matiala Extension New Delhi,,"SUPER AREA
1350 sqft","STATUS
Ready to Move","FLOOR
1 out of 4","TRANSACTION
Resale","FURNISHING
Unfurnished",,
"3 BHK Apartment for Sale in Antriksh Shivalik Apartments, Sector 6 Dwarka New Delhi",,"SUPER AREA
1350 sqft","STATUS
Ready to Move","FLOOR
1 out of 3","TRANSACTION
Resale","FURNISHING
Unfurnished",,
"3 BHK Builder Floor for Sale in Bhogal, Jangpura New Delhi",,"SUPER AREA
1000 sqft","STATUS
Ready to Move","FLOOR
1 out of 3","TRANSACTION
Resale","FURNISHING
Semi-Furnished",,
3 BHK Builder Floor for Sale in New Friends Colony New Delhi,,"SUPER AREA
1400 sqft","STATUS
Ready to Move","FLOOR
1 out of 4","TRANSACTION
Resale","FACING
East",,
"3 BHK Apartment for Sale in DDA Flats Sector C Pocket 8, Vasant Kunj New Delhi",,"SUPER AREA
750 sqft","STATUS
Ready to Move","FLOOR
1 out of 4","TRANSACTION
Resale","FURNISHING
Unfurnished",,
"2 BHK Apartment for Sale in South Delhi Premium Builder Floors , Sri Niwaspuri New Delhi",,"CARPET AREA
90 sqm","STATUS
Ready to Move","FLOOR
5 out of 7","TRANSACTION
Resale","FURNISHING
Unfurnished",,
3 BHK Villa for Sale in Jyoti Colony New Delhi,,"CARPET AREA
1250 sqft","STATUS
Ready to Move","FLOOR
3 out of 4","TRANSACTION
Resale","FURNISHING
Unfurnished",,
"2 BHK Apartment for Sale in DDA Flats Sector 19, Dwarka New Delhi",,"CARPET AREA
1248 sqft","STATUS
Ready to Move","FLOOR
3 out of 4","TRANSACTION
Resale","FURNISHING
Semi-Furnished",,
"2 BHK Apartment for Sale in Neelkanth Apartment II, Sant Nagar Burari New Delhi",,"CARPET AREA
97 sqyrd","STATUS
Ready to Move","FLOOR
3 out of 3","TRANSACTION
Resale","FURNISHING
Furnished",,
2 BHK Builder Floor for Sale in Mahavir Enclave Part 1 New Delhi,,"CARPET AREA
560 sqft","STATUS
Ready to Move","FLOOR
1 out of 5","TRANSACTION
Resale","FURNISHING
Semi-Furnished",,
"2 BHK Apartment for Sale in Siddhartha Extension Pocket B, Maharani Bagh, New Friends Colony New Delhi",,"CARPET AREA
900 sqft","STATUS
Ready to Move","TRANSACTION
Resale","FURNISHING
Semi-Furnished","FURNISHING
Semi-Furnished",,
3 BHK Builder Floor for Sale in Block B1 Janakpuri New Delhi,,"CARPET AREA
1000 sqft","STATUS
Ready to Move","FLOOR
2 out of 4","TRANSACTION
Resale","FURNISHING
Semi-Furnished",,
"3 BHK Apartment for Sale in DDA Atulya Apartment, Sector 18 Dwarka New Delhi",,"CARPET AREA
700 sqft","STATUS
Ready to Move","FLOOR
Ground out of 4","TRANSACTION
Resale","BATHROOM
2",,
3 BHK Apartment for Sale in Ashok Mohalla Nangloi New Delhi,,"CARPET AREA
1500 sqft","STATUS
Ready to Move","FLOOR
3 out of 4","TRANSACTION
Resale","FURNISHING
Unfurnished",,
3 BHK Builder Floor for Sale in Uttam Nagar New Delhi,,"CARPET AREA
10 sqft","STATUS
Ready to Move","FLOOR
1 out of 2","TRANSACTION
Resale","FURNISHING
Semi-Furnished",,
"2 BHK House for Sale in Indra Park Palam, Manglapuri New Delhi",,"CARPET AREA
1400 sqft","STATUS
Ready to Move","FLOOR
Ground out of 2","TRANSACTION
Resale","FURNISHING
Semi-Furnished",,
2 BHK Apartment for Sale in Sangam Vihar New Delhi,,"SUPER AREA
1400 sqft","STATUS
Ready to Move","FLOOR
2 out of 2","TRANSACTION
Resale","FURNISHING
Unfurnished",,
2 BHK Builder Floor for Sale in Sector 24 Rohini New Delhi,,"SUPER AREA
233 sqyrd","STATUS
Ready to Move","FLOOR
3 out of 4","TRANSACTION
Resale","FURNISHING
Furnished",,
"3 BHK Apartment for Sale in TARC Tripundra, Bijwasan New Delhi",,"CARPET AREA
900 sqft","STATUS
Ready to Move","FLOOR
1 out of 4","TRANSACTION
Resale","FACING
North - East",,
3 BHK Builder Floor for Sale in Rajouri Garden New Delhi,,"CARPET AREA
125 sqft","STATUS
Ready to Move","TRANSACTION
Resale","FURNISHING
Semi-Furnished","FURNISHING
Semi-Furnished",,
3 BHK Builder Floor for Sale in Chittaranjan Park New Delhi,,"CARPET AREA
50 sqft","STATUS
Ready to Move","FLOOR
3 out of 4","TRANSACTION
Resale","FURNISHING
Semi-Furnished",,
3 BHK Builder Floor for Sale in Greater Kailash 1 New Delhi,,"SUPER AREA
892 sqft","STATUS
Ready to Move","FLOOR
2 out of 3","TRANSACTION
Resale","FACING
North - West",,
3 BHK Builder Floor for Sale in Janakpuri New Delhi,,"CARPET AREA
1800 sqft","STATUS
Ready to Move","FLOOR
3 out of 4","TRANSACTION
Resale","FURNISHING
Unfurnished",,
2 BHK Builder Floor for Sale in Block 5 Subhash Nagar New Delhi,,"CARPET AREA
900 sqft","STATUS
Ready to Move","FLOOR
3 out of 4","TRANSACTION
Resale",,,
"2 BHK Apartment for Sale in Ekta Apartment, Geeta Colony New Delhi",,"CARPET AREA
230 sqft","STATUS
Ready to Move","FLOOR
1 out of 4","TRANSACTION
Resale",,,
2 BHK Apartment for Sale in Block B3 Paschim Vihar New Delhi,,"CARPET AREA
2000 sqft","STATUS
Ready to Move","TRANSACTION
Resale","FURNISHING
Semi-Furnished",,,
3 BHK Builder Floor for Sale in Block H Kirti Nagar New Delhi,,"SUPER AREA
1500 sqft","STATUS
Ready to Move","FLOOR
Ground out of 5","TRANSACTION
Resale",,,
"3 BHK Apartment for Sale in Deshbandhu Apartments, Kalkaji New Delhi",,"CARPET AREA
65 sqft","STATUS
Ready to Move","FLOOR
1 out of 3","TRANSACTION
Resale",,,
"3 BHK Builder Floor for Sale in Rani Bagh, Pitam Pura New Delhi",,"CARPET AREA
100 sqyrd","STATUS
Ready to Move","TRANSACTION
Resale","FURNISHING
Furnished",,,
"3 BHK Apartment for Sale in Satyam Apartment, Vasundhara Enclave New Delhi",,"SUPER AREA
850 sqft","FLOOR
3 out of 3","FLOOR
Ground out of 4","TRANSACTION
Resale",,,
2 BHK Apartment for Sale in Phase 2 Sheikh Sarai New Delhi,,"SUPER AREA
1050 sqft","STATUS
Ready to Move",,,,,
2 BHK Apartment for Sale in Narela New Delhi,,,,,,,,
3 BHK Builder Floor for Sale in Ramesh Nagar New Delhi,,,,,,,,
2 BHK Builder Floor for Sale in Dwarka Mor New Delhi,,,,,,,,
2 BHK Apartment for Sale in Sector 16 Rohini New Delhi,,,,,,,,
2 BHK Builder Floor for Sale in Ashok Nagar New Delhi,,,,,,,,
3 BHK Builder Floor for Sale in Green Park New Delhi,,,,,,,,
3 BHK Builder Floor for Sale in Phase 2 Chhatarpur Enclave New Delhi,,,,,,,,
3 BHK Apartment for Sale in Dilshad Garden New Delhi,,,,,,,,
3 BHK Builder Floor for Sale in Defence Colony New Delhi,,,,,,,,
2 BHK Builder Floor for Sale in Punjabi Bagh New Delhi,,,,,,,,
2 BHK Builder Floor for Sale in Vishwas Park New Delhi,,,,,,,,
"2 BHK Apartment for Sale in DDA Pocket I, Dilshad Garden New Delhi",,,,,,,,
"2 BHK Apartment for Sale in Everest Apartment, Kalkaji New Delhi",,,,,,,,
"3 BHK Apartment for Sale in Park View Apartments, Block A Sector 12 Dwarka New Delhi",,,,,,,,
"2 BHK Apartment for Sale in Kishangarh Village, Vasant Kunj New Delhi",,,,,,,,
2 BHK Apartment for Sale in Old Rajinder Nagar New Delhi,,,,,,,,
3 BHK Apartment for Sale in Phase 1 Sheikh Sarai New Delhi,,,,,,,,
"2 BHK Builder Floor for Sale in Fateh Nagar, Janakpuri New Delhi",,,,,,,,
"3 BHK Builder Floor for Sale in RWA Khirki Ext, Khirki Extension New Delhi",,,,,,,,
3 BHK Builder Floor for Sale in Sector 23 Dwarka New Delhi,,,,,,,,
"3 BHK Apartment for Sale in Shree Shyam Apartments, Uttam Nagar New Delhi",,,,,,,,
3 BHK Builder Floor for Sale in Shakti Nagar New Delhi,,,,,,,,
3 BHK Builder Floor for Sale in Shastri Nagar New Delhi,,,,,,,,
"3 BHK Apartment for Sale in Motia Khan, Sadar Bazaar New Delhi",,,,,,,,
"2 BHK Apartment for Sale in DDA Flats Sector C Pocket 9, Vasant Kunj New Delhi",,,,,,,,
"2 BHK Apartment for Sale in U&V Block Shalimar Bagh, Shalimar bagh New Delhi",,,,,,,,
"3 BHK Builder Floor for Sale in Mahendru Enclave, Model Town New Delhi",,,,,,,,
2 BHK House for Sale in Paharganj New Delhi,,,,,,,,
2 BHK Apartment for Sale in Laxmi Nagar New Delhi,,,,,,,,
3 BHK Builder Floor for Sale in Tughlakabad Extension New Delhi,,,,,,,,
3 BHK Apartment for Sale in Inder Puri New Delhi,,,,,,,,
"3 BHK Apartment for Sale in Jangpura B, Jangpura B, Jangpura New Delhi",,,,,,,,
2 BHK Builder Floor for Sale in Mahavir Enclave Part 1 New Delhi,,,,,,,,
2 BHK Builder Floor for Sale in Phase 3 Mayur Vihar New Delhi,,,,,,,,
3 BHK Builder Floor for Sale in Old Rajinder Nagar New Delhi,,,,,,,,
"3 BHK Builder Floor for Sale in Star Apartment, Uttam Nagar East, Uttam Nagar New Delhi",,,,,,,,
3 BHK Builder Floor for Sale in Block A Uttam Nagar Bindapur New Delhi,,,,,,,,
"3 BHK Builder Floor for Sale in Chhajjupur, Babarpur New Delhi",,,,,,,,
"2 BHK House for Sale in Maya Enclave, Hari Nagar New Delhi",,,,,,,,
"3 BHK Builder Floor for Sale in Hauz Khas Enclave, Hauz Khas New Delhi",,,,,,,,
2 BHK Builder Floor for Sale in Block D Tagore Garden New Delhi,,,,,,,,
3 BHK Builder Floor for Sale in Uttam Nagar New Delhi,,,,,,,,
3 BHK Builder Floor for Sale in Sant Nagar Extension New Delhi,,,,,,,,
"2 BHK Apartment for Sale in DDA Red MIG Flats, Rajouri Garden New Delhi",,,,,,,,
3 BHK Apartment for Sale in New Govindpura New Delhi,,,,,,,,
"3 BHK Apartment for Sale in Agroha Kunj Apartment, Sector 13 Rohini New Delhi",,,,,,,,
2 BHK Builder Floor for Sale in Bijwasan New Delhi,,,,,,,,
3 BHK Apartment for Sale in Naraina Vihar New Delhi,,,,,,,,
"2 BHK Apartment for Sale in DDA LIG Flat, Kalkaji New Delhi",,,,,,,,
"3 BHK Apartment for Sale in Citizen Society, Sector 13 Rohini New Delhi",,,,,,,,
3 BHK Builder Floor for Sale in Shakarpur New Delhi,,,,,,,,
3 BHK Apartment for Sale in Vikaspuri New Delhi,,,,,,,,
3 BHK Builder Floor for Sale in Phase 2 Ashok Vihar New Delhi,,,,,,,,
"3 BHK Apartment for Sale in Risland Sky Mansion, Chattarpur New Delhi",,,,,,,,
"2 BHK Apartment for Sale in AP Block Pitampura, Pitam Pura New Delhi",,,,,,,,
2 BHK Builder Floor for Sale in Uttam Nagar West New Delhi,,,,,,,,
"2 BHK Apartment for Sale in Vikrant Apartment, Sector 13 Rohini New Delhi",,,,,,,,
"2 BHK Apartment for Sale in Delhi Citizen Apartment, Rohini New Delhi",,,,,,,,
3 BHK Builder Floor for Sale in Dilshad Garden New Delhi,,,,,,,,
3 BHK Builder Floor for Sale in Defence Colony New Delhi,,,,,,,,
2 BHK Apartment for Sale in Chattarpur New Delhi,,,,,,,,
"3 BHK Apartment for Sale in Pawittra Apartment, Vasundhara Enclave New Delhi",,,,,,,,
2 BHK Builder Floor for Sale in Dwarka New Delhi,,,,,,,,
3 BHK Builder Floor for Sale in Raja Puri Madhu Vihar New Delhi,,,,,,,,
3 BHK Builder Floor for Sale in Palam New Delhi,,,,,,,,
"2 BHK House for Sale in Radheypuri, Krishna Nagar New Delhi",,,,,,,,
"3 BHK Builder Floor for Sale in Shivalik A Block, Shivalik Colony New Delhi",,,,,,,,
3 BHK House for Sale in Block C Bhajanpura New Delhi,,,,,,,,
3 BHK Builder Floor for Sale in New Rajendra Nagar New Delhi,,,,,,,,
3 BHK Builder Floor for Sale in Anand Vihar New Delhi,,,,,,,,
"3 BHK Builder Floor for Sale in RWA E Block, Greater Kailash 1 New Delhi",,,,,,,,
2 BHK Builder Floor for Sale in Vasant Kunj New Delhi,,,,,,,,
2 BHK Builder Floor for Sale in Rohini New Delhi,,,,,,,,
3 BHK Builder Floor for Sale in Greater Kailash 1 New Delhi,,,,,,,,
3 BHK Builder Floor for Sale in Nehru Enclave Chittaranjan Park New Delhi,,,,,,,,
"3 BHK Apartment for Sale in The Maharani Aventi Bai CGHS, Sector 22 Dwarka New Delhi",,,,,,,,
3 BHK Builder Floor for Sale in Shastri Nagar New Delhi,,,,,,,,
2 BHK Builder Floor for Sale in Sector 24 Rohini New Delhi,,,,,,,,
2 BHK Apartment for Sale in Dilshad Garden New Delhi,,,,,,,,
"2 BHK Builder Floor for Sale in Rama Park, Nawada New Delhi",,,,,,,,
3 BHK Builder Floor for Sale in Lajpat Nagar 2 New Delhi,,,,,,,,
2 BHK Builder Floor for Sale in Dwarka Mor New Delhi,,,,,,,,
"2 BHK Apartment for Sale in DDA Mig Flats Sarita Vihar, Sarita Vihar, Mathura Road New Delhi",,,,,,,,
"2 BHK Apartment for Sale in Project Gangotri Enclave, Alaknanda New Delhi",,,,,,,,
"3 BHK Apartment for Sale in Uttam Nagar Floors, Mohan Garden Uttam Nagar New Delhi",,,,,,,,
"2 BHK Apartment for Sale in Rajouri Apartments, Rajouri Garden New Delhi",,,,,,,,
2 BHK Builder Floor for Sale in Ram Nagar Extension Ram Nagar New Delhi,,,,,,,,
2 BHK Builder Floor for Sale in Panchsheel Park New Delhi,,,,,,,,
"3 BHK Apartment for Sale in Uttam Nagar Floors, Uttam Nagar New Delhi",,,,,,,,
2 BHK Apartment for Sale in Ramesh Nagar New Delhi,,,,,,,,
2 BHK House for Sale in Uttam Nagar West New Delhi,,,,,,,,
3 BHK Apartment for Sale in Ram Garh Colony New Delhi,,,,,,,,
2 BHK Builder Floor for Sale in Uttam Nagar West New Delhi,,,,,,,,
2 BHK Builder Floor for Sale in Lajpat Nagar 2 New Delhi,,,,,,,,
"3 BHK Builder Floor for Sale in Sunder Vihar, Paschim Vihar New Delhi",,,,,,,,
3 BHK Apartment for Sale in Dwarka Mor New Delhi,,,,,,,,
3 BHK Builder Floor for Sale in Mansa Ram Park New Delhi,,,,,,,,
3 BHK Builder Floor for Sale in Kalkaji New Delhi,,,,,,,,
3 BHK Builder Floor for Sale in Safdarjung Enclave New Delhi,,,,,,,,
3 BHK Builder Floor for Sale in Malviya Nagar New Delhi,,,,,,,,
"3 BHK Apartment for Sale in DDA Flats Sector B Pocket 10, Vasant Kunj New Delhi",,,,,,,,
3 BHK Builder Floor for Sale in Saket New Delhi,,,,,,,,
3 BHK Builder Floor for Sale in Chittaranjan Park New Delhi,,,,,,,,
"2 BHK Apartment for Sale in DDA Ekta Apartment, Paschim Vihar New Delhi",,,,,,,,
3 BHK Builder Floor for Sale in Tughlakabad Extension New Delhi,,,,,,,,
"2 BHK Apartment for Sale in Godrej South Estate, Block A Okhla New Delhi",,,,,,,,
"2 BHK Apartment for Sale in DDA Pocket A, Phase 2 Mayur Vihar New Delhi",,,,,,,,
3 BHK Builder Floor for Sale in Phase 1 Vivek Vihar New Delhi,,,,,,,,
"3 BHK Apartment for Sale in Beverly Park Apartments, Sector 22 Dwarka New Delhi",,,,,,,,
"3 BHK Apartment for Sale in Seema Apartments, Sector 11 Dwarka New Delhi",,,,,,,,
3 BHK Builder Floor for Sale in Sector 22 Rohini New Delhi,,,,,,,,
"2 BHK Apartment for Sale in RWA South Extension 2, South Extension 2 New Delhi",,,,,,,,
2 BHK Builder Floor for Sale in Paschim Vihar New Delhi,,,,,,,,
3 BHK House for Sale in Najafgarh New Delhi,,,,,,,,
"3 BHK Apartment for Sale in Daffodils Apartment, Sector 6 Dwarka New Delhi",,,,,,,,
3 BHK Apartment for Sale in Dwarka Sector 3 New Delhi,,,,,,,,
"3 BHK Apartment for Sale in Raman Vihar Apartment, Sector 11 Dwarka New Delhi",,,,,,,,
3 BHK Builder Floor for Sale in A G C R Enclave Anand Vihar New Delhi,,,,,,,,
2 BHK Builder Floor for Sale in Mahavir Enclave New Delhi,,,,,,,,
2 BHK Builder Floor for Sale in Block P Raj Nagar Extension New Delhi,,,,,,,,
"3 BHK Apartment for Sale in Mehrauli Village, Mehrauli New Delhi",,,,,,,,
2 BHK Builder Floor for Sale in Mohan Garden Uttam Nagar New Delhi,,,,,,,,
3 BHK Builder Floor for Sale in Mahavir Enclave Part 1 New Delhi,,,,,,,,
3 BHK Builder Floor for Sale in Pitam Pura New Delhi,,,,,,,,
"2 BHK Apartment for Sale in Celestial Heights, Sector 2 Dwarka New Delhi",,,,,,,,
2 BHK Apartment for Sale in Bhola Nath Nagar New Delhi,,,,,,,,
"3 BHK Apartment for Sale in Bahawalpur Biradari Apartment, Sector 6 Dwarka New Delhi",,,,,,,,
"3 BHK Apartment for Sale in DLF Capital Greens 1 and 2, Moti Nagar, Kirti Nagar New Delhi",,,,,,,,
"3 BHK Apartment for Sale in Consulting Engineers Apartment, Sector 18 Dwarka New Delhi",,,,,,,,
"3 BHK Apartment for Sale in Munirka Vihar, Munirka New Delhi",,,,,,,,
"2 BHK Apartment for Sale in Moti Nagar, Kirti Nagar New Delhi",,,,,,,,
3 BHK Builder Floor for Sale in Vikaspuri New Delhi,,,,,,,,
3 BHK Builder Floor for Sale in East Krishna Nagar New Delhi,,,,,,,,
3 BHK Apartment for Sale in Paschim Vihar New Delhi,,,,,,,,
2 BHK Apartment for Sale in Uttam Nagar New Delhi,,,,,,,,
3 BHK Builder Floor for Sale in Defence Colony New Delhi,,,,,,,,
"2 BHK Apartment for Sale in Prem Milan Apartment, Sector 18 Dwarka New Delhi",,,,,,,,
"3 BHK Apartment for Sale in Som Vihar, RK Puram New Delhi",,,,,,,,
3 BHK Builder Floor for Sale in Vivek Vihar New Delhi,,,,,,,,
"3 BHK Builder Floor for Sale in Hans Apartment, Karkardooma, Anand Vihar New Delhi",,,,,,,,
3 BHK Builder Floor for Sale in Anand Vihar New Delhi,,,,,,,,
2 BHK Builder Floor for Sale in Dwarka Mor New Delhi,,,,,,,,
3 BHK Builder Floor for Sale in Greater Kailash 2 New Delhi,,,,,,,,
"2 BHK Apartment for Sale in Vivek Appartments, Anand Vihar New Delhi",,,,,,,,
2 BHK Builder Floor for Sale in Main Rajapuri Road New Delhi,,,,,,,,
"3 BHK Builder Floor for Sale in Uday Park, South Extension New Delhi",,,,,,,,
"3 BHK Builder Floor for Sale in New Friends Colony Floors, New Friends Colony New Delhi",,,,,,,,
3 BHK House for Sale in Govindpuri New Delhi,,,,,,,,
3 BHK Builder Floor for Sale in Kalkaji New Delhi,,,,,,,,
2 BHK Builder Floor for Sale in Indra Vihar Mukherjee Nagar New Delhi,,,,,,,,
2 BHK Builder Floor for Sale in Mahavir Enclave Part 1 New Delhi,,,,,,,,
2 BHK Builder Floor for Sale in Lajpat Nagar 1 New Delhi,,,,,,,,
"3 BHK Apartment for Sale in Baroda House Apartment, Sector 10 Dwarka New Delhi",,,,,,,,
"3 BHK Apartment for Sale in DDA Metro View Apartments, Sector 13 Dwarka New Delhi",,,,,,,,
3 BHK Builder Floor for Sale in Greater Kailash Part 3 New Delhi,,,,,,,,
3 BHK Builder Floor for Sale in Block A3 Paschim Vihar New Delhi,,,,,,,,
"3 BHK Builder Floor for Sale in Krishan Kunj, Laxmi Nagar New Delhi",,,,,,,,
3 BHK Apartment for Sale in Prithviraj Road New Delhi,,,,,,,,
3 BHK Builder Floor for Sale in Block B Chittaranjan Park New Delhi,,,,,,,,
3 BHK Builder Floor for Sale in Lajpat Nagar 3 New Delhi,,,,,,,,
3 BHK Builder Floor for Sale in Greater Kailash Part 3 New Delhi,,,,,,,,
3 BHK Builder Floor for Sale in Saket New Delhi,,,,,,,,
"3 BHK Builder Floor for Sale in Nizamuddin West, Nizamuddin New Delhi",,,,,,,,
"2 BHK Builder Floor for Sale in Tagore Garden, Rajouri Garden, Najafgarh Road New Delhi",,,,,,,,
3 BHK Apartment for Sale in Krishna Nagar New Delhi,,,,,,,,
"3 BHK Apartment for Sale in Shri Balaji Apartment Dwarka, Dwarka New Delhi",,,,,,,,
3 BHK Builder Floor for Sale in Jona Pur New Delhi,,,,,,,,
3 BHK Builder Floor for Sale in Janakpuri New Delhi,,,,,,,,
"2 BHK Builder Floor for Sale in Rana Pratap Bagh, Ashok Vihar North New Delhi",,,,,,,,
3 BHK Builder Floor for Sale in Hari Nagar New Delhi,,,,,,,,
3 BHK Builder Floor for Sale in Kalkaji New Delhi,,,,,,,,
3 BHK Builder Floor for Sale in Uttam Nagar West New Delhi,,,,,,,,
"3 BHK Builder Floor for Sale in Uday Park, South Extension New Delhi",,,,,,,,
2 BHK House for Sale in Subhash Park Extension 2 New Delhi,,,,,,,,
3 BHK Builder Floor for Sale in Block BB Shalimar Bagh New Delhi,,,,,,,,
2 BHK House for Sale in Block C East Of Kailash New Delhi,,,,,,,,
"3 BHK Apartment for Sale in DLF One Midtown, Moti Nagar, Kirti Nagar New Delhi",,,,,,,,
"3 BHK Apartment for Sale in Gangotri Apartment, Vikaspuri New Delhi",,,,,,,,
"3 BHK Builder Floor for Sale in RWA Jasola, Jasola New Delhi",,,,,,,,
3 BHK Apartment for Sale in Dilshad Colony New Delhi,,,,,,,,
3 BHK Builder Floor for Sale in West Patel Nagar New Delhi,,,,,,,,
2 BHK Builder Floor for Sale in Sarai Rohilla New Delhi,,,,,,,,
3 BHK Builder Floor for Sale in Shakti Nagar New Delhi,,,,,,,,
2 BHK Apartment for Sale in Dilshad Colony New Delhi,,,,,,,,
3 BHK Apartment for Sale in Vishram Nagar New Delhi,,,,,,,,
3 BHK Apartment for Sale in Mahindra Park New Delhi,,,,,,,,
"2 BHK Builder Floor for Sale in Vipin Garden, Nawada New Delhi",,,,,,,,
3 BHK Builder Floor for Sale in Sarvapriya Vihar New Delhi,,,,,,,,
2 BHK Builder Floor for Sale in Govindpuri New Delhi,,,,,,,,
3 BHK Apartment for Sale in Janakpuri New Delhi,,,,,,,,
"3 BHK Builder Floor for Sale in Panchsheel Vihar, Sheikh Sarai New Delhi",,,,,,,,
"3 BHK Apartment for Sale in Burari Santan Nagar, Sant Nagar Burari New Delhi",,,,,,,,
"3 BHK Apartment for Sale in Chopra Apartment, Sector 23 Dwarka New Delhi",,,,,,,,
3 BHK Builder Floor for Sale in Saket New Delhi,,,,,,,,
3 BHK Builder Floor for Sale in Block E Greater Kailash 2 New Delhi,,,,,,,,
"3 BHK Apartment for Sale in Ayudh Vihar, Sector 13 Dwarka New Delhi",,,,,,,,
"3 BHK Apartment for Sale in Prerana Apartment, Sector 10 Dwarka New Delhi",,,,,,,,
2 BHK Apartment for Sale in Rohini New Delhi,,,,,,,,
"3 BHK Apartment for Sale in Godrej South Estate, Okhla New Delhi",,,,,,,,
"3 BHK Builder Floor for Sale in Khanpur, Madangir New Delhi",,,,,,,,
"3 BHK Apartment for Sale in DDA Flats Sarita Vihar, Pocket B Sarita Vihar New Delhi",,,,,,,,
2 BHK Apartment for Sale in DDA New Delhi,,,,,,,,
"3 BHK Apartment for Sale in Kalyani Apartments, Sector 4 Dwarka New Delhi",,,,,,,,
2 BHK Apartment for Sale in ALAKNANDA apartments New Delhi,,,,,,,,
3 BHK Builder Floor for Sale in Janakpuri New Delhi,,,,,,,,
2 BHK Apartment for Sale in Divya Jyoti apartment sector 19 Rohini Delhi India New Delhi,,,,,,,,
"2 BHK Apartment for Sale in Panchdeep Apartments, Block D Vikaspuri New Delhi",,,,,,,,
3 BHK Apartment for Sale in Sector 9 Rohini New Delhi,,,,,,,,
"3 BHK Apartment for Sale in DDA Gautam Apartment New Delhi, Gulmohar Park New Delhi",,,,,,,,
2 BHK Builder Floor for Sale in Sector 25 Rohini New Delhi,,,,,,,,
"3 BHK Apartment for Sale in Shantidoot Apartment, Vasundhara Enclave New Delhi",,,,,,,,
"2 BHK Apartment for Sale in Ishwar Apartments, Sector 12 Dwarka New Delhi",,,,,,,,
3 BHK Apartment for Sale in Phase 3 Model Town New Delhi,,,,,,,,
3 BHK Builder Floor for Sale in Surajmal Vihar New Delhi,,,,,,,,
3 BHK Builder Floor for Sale in Block F Vikaspuri New Delhi,,,,,,,,
"3 BHK Apartment for Sale in DDA Flats, DDA New Delhi",,,,,,,,
3 BHK Builder Floor for Sale in Block E East of Kailash New Delhi,,,,,,,,
"3 BHK Apartment for Sale in TARC Kailasa, Kirti Nagar New Delhi",,,,,,,,
"3 BHK Apartment for Sale in Unity the Amaryllis, Karol Bagh New Delhi",,,,,,,,
"3 BHK Builder Floor for Sale in East of Kailash , East Of Kailash New Delhi",,,,,,,,
3 BHK Builder Floor for Sale in Vikaspuri New Delhi,,,,,,,,
"3 BHK Apartment for Sale in DDA Konark Apartments, Kalkaji Extension New Delhi",,,,,,,,
"2 BHK Apartment for Sale in Divyajyoti Apartments, Rohini New Delhi",,,,,,,,
2 BHK Builder Floor for Sale in Pitam Pura New Delhi,,,,,,,,
2 BHK Apartment for Sale in Mahipalpur Village New Delhi,,,,,,,,
3 BHK Apartment for Sale in Mandi Hills New Delhi,,,,,,,,
2 BHK Builder Floor for Sale in Shiv Nagar Extension New Delhi,,,,,,,,
3 BHK Apartment for Sale in Rajouri Garden New Delhi,,,,,,,,
3 BHK Builder Floor for Sale in East Patel Nagar New Delhi,,,,,,,,
3 BHK Builder Floor for Sale in Priyadarshini Vihar Laxmi Nagar New Delhi,,,,,,,,
3 BHK Builder Floor for Sale in Freedom Fighters Enclave New Delhi,,,,,,,,
"3 BHK Apartment for Sale in DDA Flats Vasant Kunj, Sector D Vasant Kunj New Delhi",,,,,,,,
3 BHK Builder Floor for Sale in Safdarjung Enclave New Delhi,,,,,,,,
3 BHK Builder Floor for Sale in Greater Kailash 2 New Delhi,,,,,,,,
"3 BHK Apartment for Sale in Charak Sadan, Vikaspuri New Delhi",,,,,,,,
3 BHK Builder Floor for Sale in Sector 24 Rohini New Delhi,,,,,,,,
"3 BHK Builder Floor for Sale in Yojna Vihar, Anand Vihar New Delhi",,,,,,,,
"3 BHK Apartment for Sale in DDA Flats Vasant Kunj, Vasant Kunj New Delhi",,,,,,,,
"3 BHK Apartment for Sale in Gulmohar Apartments, Sector 11 Dwarka New Delhi",,,,,,,,
"3 BHK Apartment for Sale in DDA Shubham Apartment, Sector 12 Dwarka New Delhi",,,,,,,,
3 BHK Builder Floor for Sale in Greater Kailash 1 New Delhi,,,,,,,,
"3 BHK Builder Floor for Sale in Greater Kailash Builder Floors, Greater Kailash New Delhi",,,,,,,,
3 BHK Builder Floor for Sale in Greater Kailash 1 New Delhi,,,,,,,,
"3 BHK Apartment for Sale in Uday Niketan, Naraina Vihar New Delhi",,,,,,,,
3 BHK Builder Floor for Sale in Chattarpur Enclave New Delhi,,,,,,,,
3 BHK Apartment for Sale in parvna apartment New Delhi,,,,,,,,
3 BHK Builder Floor for Sale in Amar Colony Lajpat Nagar 4 New Delhi,,,,,,,,
3 BHK House for Sale in Gautam Nagar New Delhi,,,,,,,,
3 BHK House for Sale in Malviya Nagar New Delhi,,,,,,,,
3 BHK Builder Floor for Sale in Anand Niketan New Delhi,,,,,,,,
3 BHK Builder Floor for Sale in Anand Niketan New Delhi,,,,,,,,
3 BHK Builder Floor for Sale in Shaheen bagh New Delhi,,,,,,,,
3 BHK House for Sale in Greater Kailash 1 New Delhi,,,,,,,,
"3 BHK Apartment for Sale in Kalka Apartments, Sector 6 Dwarka New Delhi",,,,,,,,
"3 BHK Apartment for Sale in Risland Sky Mansion, Chattarpur Enclave New Delhi",,,,,,,,
3 BHK Builder Floor for Sale in Vasant Vihar New Delhi,,,,,,,,
"3 BHK Builder Floor for Sale in Uday Park, South Extension New Delhi",,,,,,,,
"3 BHK Apartment for Sale in Unity the Amaryllis, Sidipura New Delhi",,,,,,,,
3 BHK Apartment for Sale in IP Extension New Delhi,,,,,,,,
"3 BHK Apartment for Sale in Triveni Apartments, Sheikh Sarai New Delhi",,,,,,,,
3 BHK Builder Floor for Sale in Hari Nagar New Delhi,,,,,,,,
3 BHK Builder Floor for Sale in Naraina Village New Delhi,,,,,,,,
"3 BHK Apartment for Sale in Mount Kailash, East Of Kailash New Delhi",,,,,,,,
"3 BHK Apartment for Sale in Risland Sky Mansion, Chattarpur New Delhi",,,,,,,,
3 BHK Builder Floor for Sale in Rajouri Garden New Delhi,,,,,,,,
3 BHK Builder Floor for Sale in Shivalik Colony New Delhi,,,,,,,,
"3 BHK Apartment for Sale in TARC Tripundra, Bijwasan New Delhi",,,,,,,,
3 BHK Builder Floor for Sale in Sector 15 Dwarka New Delhi,,,,,,,,
3 BHK Builder Floor for Sale in Laxmi Nagar New Delhi,,,,,,,,
"3 BHK Apartment for Sale in Kanchan Apartments, Geeta Colony New Delhi",,,,,,,,
"2 BHK Builder Floor for Sale in Chawri Bazar, Chandni Chowk New Delhi",,,,,,,,
"3 BHK Apartment for Sale in Nawada Housing Complex, Dwarka Mor New Delhi",,,,,,,,
3 BHK Builder Floor for Sale in Vasant Kunj New Delhi,,,,,,,,
3 BHK Apartment for Sale in Malviya Nagar New Delhi,,,,,,,,
3 BHK Apartment for Sale in Dwarka New Delhi,,,,,,,,
3 BHK Builder Floor for Sale in Block 11 West Patel Nagar New Delhi,,,,,,,,
"3 BHK Builder Floor for Sale in Vigyan Vihar, Surajmal Vihar New Delhi",,,,,,,,
3 BHK Builder Floor for Sale in Janakpuri New Delhi,,,,,,,,
3 BHK Builder Floor for Sale in Block A Janakpuri New Delhi,,,,,,,,
"3 BHK Apartment for Sale in Emaar Common Wealth Games Village, Commonwealth Games Village New Delhi",,,,,,,,
3 BHK Builder Floor for Sale in East Of Kailash New Delhi,,,,,,,,
3 BHK Builder Floor for Sale in Greater Kailash 1 New Delhi,,,,,,,,
2 BHK Apartment for Sale in Mayur Vihar Phase II New Delhi,,,,,,,,
"2 BHK Apartment for Sale in Satyashanti Apartment, Sector 13 Rohini New Delhi",,,,,,,,
3 BHK Builder Floor for Sale in New Friends Colony New Delhi,,,,,,,,
3 BHK Builder Floor for Sale in Uttam Nagar New Delhi,,,,,,,,
3 BHK Builder Floor for Sale in Rajouri Garden New Delhi,,,,,,,,
"3 BHK Builder Floor for Sale in Mahendru Enclave, Model Town New Delhi",,,,,,,,
"3 BHK Builder Floor for Sale in RWA Defence Colony Block A, Defence Colony New Delhi",,,,,,,,
2 BHK Builder Floor for Sale in Virender Nagar New Delhi,,,,,,,,
3 BHK Builder Floor for Sale in Green Park Extension New Delhi,,,,,,,,
"3 BHK Builder Floor for Sale in Surajmal Vihar, Anand Vihar New Delhi",,,,,,,,
"3 BHK Apartment for Sale in Gangotri Pocket C, Alaknanda New Delhi",,,,,,,,
"3 BHK Apartment for Sale in M2K Victoria Gardens, Model Town New Delhi",,,,,,,,
"3 BHK Apartment for Sale in Vasant Kunj B5 and 6 Block A, Vasant Kunj New Delhi",,,,,,,,
3 BHK Builder Floor for Sale in Sarvapriya Vihar New Delhi,,,,,,,,
"3 BHK Apartment for Sale in DLF Capital Greens 1 and 2, Moti Nagar, Kirti Nagar New Delhi",,,,,,,,
3 BHK Builder Floor for Sale in South Extension 2 New Delhi,,,,,,,,
2 BHK Apartment for Sale in vasundhra enclave New Delhi,,,,,,,,
"3 BHK Apartment for Sale in DDA Freedom Fighter Enclave, Saket New Delhi",,,,,,,,
3 BHK Builder Floor for Sale in Dwarka Sector 3 New Delhi,,,,,,,,
"3 BHK Apartment for Sale in DDA Flat, Janakpuri New Delhi",,,,,,,,
3 BHK Builder Floor for Sale in Block M Vikaspuri New Delhi,,,,,,,,
"2 BHK Builder Floor for Sale in DDA Project Paryavaran Complex, Saket New Delhi",,,,,,,,
"3 BHK Builder Floor for Sale in DDA Project Sarvodaya Enclave, Sarvodaya Enclave New Delhi",,,,,,,,
"2 BHK Apartment for Sale in Sarita Vihar, Mathura Road New Delhi",,,,,,,,
"3 BHK Apartment for Sale in DDA Nilgiri Apartment, Alaknanda New Delhi",,,,,,,,
3 BHK Builder Floor for Sale in Greater Kailash 1 New Delhi,,,,,,,,
"3 BHK Apartment for Sale in DDA Pocket 1, Pocket 2 Mayur Vihar New Delhi",,,,,,,,
2 BHK Builder Floor for Sale in Ghitorni New Delhi,,,,,,,,
2 BHK Builder Floor for Sale in Sector 14 Rohini New Delhi,,,,,,,,
3 BHK Builder Floor for Sale in Preet Vihar New Delhi,,,,,,,,
2 BHK Builder Floor for Sale in Chittaranjan Park New Delhi,,,,,,,,
"3 BHK Builder Floor for Sale in Hargobind Enclave, Chattarpur New Delhi",,,,,,,,
3 BHK Builder Floor for Sale in Greater Kailash 2 New Delhi,,,,,,,,
2 BHK Builder Floor for Sale in Saidulajab New Delhi,,,,,,,,
3 BHK Apartment for Sale in Alaknanda New Delhi,,,,,,,,
2 BHK Apartment for Sale in Sector 7 Rohini New Delhi,,,,,,,,
2 BHK Apartment for Sale in Bhajanpura New Delhi,,,,,,,,
3 BHK Builder Floor for Sale in Janakpuri New Delhi,,,,,,,,
"3 BHK Apartment for Sale in DDA Flats, Sarita Vihar, Mathura Road New Delhi",,,,,,,,
2 BHK Builder Floor for Sale in Vasant Kunj Enclave New Delhi,,,,,,,,
"3 BHK Apartment for Sale in Mayur Apartment, Sector 9 Rohini New Delhi",,,,,,,,
"3 BHK Apartment for Sale in DDA Flats Masjid Moth, Masjid Moth, Greater Kailash New Delhi",,,,,,,,
3 BHK Apartment for Sale in Alaknanda New Delhi,,,,,,,,
"2 BHK Apartment for Sale in DDA Shivalik Apartments, Alaknanda New Delhi",,,,,,,,
2 BHK Apartment for Sale in Balbir Nagar Shahdara New Delhi,,,,,,,,
3 BHK Builder Floor for Sale in Greater Kailash 2 New Delhi,,,,,,,,
"3 BHK Apartment for Sale in Vishwakarma Apartment, Vasundhara Enclave New Delhi",,,,,,,,
"2 BHK Apartment for Sale in DDA Flats Vasant Kunj, Sector D Vasant Kunj New Delhi",,,,,,,,
"3 BHK Builder Floor for Sale in Shivalik A Block, Shivalik Colony New Delhi",,,,,,,,
"3 BHK Apartment for Sale in DDA Mayur Dhwaj Apartment, Patparganj New Delhi",,,,,,,,
"3 BHK Apartment for Sale in Narmada Apartment, Alaknanda New Delhi",,,,,,,,
"3 BHK Apartment for Sale in DDA Flats Vasant Kunj, Sector B Vasant Kunj New Delhi",,,,,,,,
"3 BHK Builder Floor for Sale in Uday Park, South Extension New Delhi",,,,,,,,
"3 BHK Builder Floor for Sale in Rwa GK 1, Greater Kailash 1 New Delhi",,,,,,,,
3 BHK Builder Floor for Sale in New Rajendra Nagar New Delhi,,,,,,,,
3 BHK Builder Floor for Sale in Ram Nagar Shahdara New Delhi,,,,,,,,
2 BHK Builder Floor for Sale in Vishnu Garden New Delhi,,,,,,,,
3 BHK Builder Floor for Sale in Anand Vihar New Delhi,,,,,,,,
"3 BHK Apartment for Sale in Triveni Apartments, Sheikh Sarai New Delhi",,,,,,,,
"3 BHK Builder Floor for Sale in Khanpur, Madangir New Delhi",,,,,,,,
2 BHK Builder Floor for Sale in Phase 3 Model Town New Delhi,,,,,,,,
3 BHK Builder Floor for Sale in Poorvi Pitampura New Delhi,,,,,,,,
2 BHK Builder Floor for Sale in Malviya Nagar New Delhi,,,,,,,,
"3 BHK Apartment for Sale in Neelkanth Apartment, IP Extension New Delhi",,,,,,,,
"2 BHK Apartment for Sale in Associate Apartment, Madhu Vihar Patparganj New Delhi",,,,,,,,
3 BHK Builder Floor for Sale in New Rajendra Nagar New Delhi,,,,,,,,
"2 BHK Apartment for Sale in DDA Ashok Vihar 1, Phase 1 Ashok Vihar New Delhi",,,,,,,,
"3 BHK Apartment for Sale in Habitat Apartment, Vasundhara Enclave New Delhi",,,,,,,,
"3 BHK Builder Floor for Sale in Jangpura Extension, Jangpura New Delhi",,,,,,,,
3 BHK Apartment for Sale in Pocket D Sarita Vihar New Delhi,,,,,,,,
"2 BHK Builder Floor for Sale in Jagriti Enclave, Anand Vihar New Delhi",,,,,,,,
"3 BHK Apartment for Sale in Gangotri Pocket C, Alaknanda New Delhi",,,,,,,,
"2 BHK Builder Floor for Sale in Old Gupta Colony, Kalyan Vihar New Delhi",,,,,,,,
2 BHK Builder Floor for Sale in Shiv Nagar Janakpuri New Delhi,,,,,,,,
3 BHK Builder Floor for Sale in Ashram New Delhi,,,,,,,,
3 BHK Builder Floor for Sale in Inder Puri New Delhi,,,,,,,,
3 BHK Builder Floor for Sale in Old Rajinder Nagar New Delhi,,,,,,,,
3 BHK Builder Floor for Sale in Chittaranjan Park New Delhi,,,,,,,,
2 BHK Builder Floor for Sale in Pitam Pura New Delhi,,,,,,,,
"3 BHK Builder Floor for Sale in Yojna Vihar, Anand Vihar New Delhi",,,,,,,,
3 BHK Builder Floor for Sale in Panchsheel Enclave New Delhi,,,,,,,,
"3 BHK Apartment for Sale in Bharat Apartment, Sector 13 Rohini New Delhi",,,,,,,,
"2 BHK House for Sale in Jangpura Extension, Jangpura New Delhi",,,,,,,,
3 BHK Builder Floor for Sale in New Krishna Nagar Krishna Nagar New Delhi,,,,,,,,
"3 BHK Apartment for Sale in DLF One Midtown, Moti Nagar, Kirti Nagar New Delhi",,,,,,,,
3 BHK Builder Floor for Sale in Saket New Delhi,,,,,,,,
3 BHK Builder Floor for Sale in Sector 15 Dwarka New Delhi,,,,,,,,
3 BHK Builder Floor for Sale in Nehru Enclave Chittaranjan Park New Delhi,,,,,,,,
"3 BHK Apartment for Sale in DDA Golf View Apartments, Saket New Delhi",,,,,,,,
3 BHK Apartment for Sale in Laxmi Nagar New Delhi,,,,,,,,
3 BHK Builder Floor for Sale in Saket New Delhi,,,,,,,,
2 BHK Apartment for Sale in Okhla New Delhi,,,,,,,,
2 BHK Apartment for Sale in Block H Saket New Delhi,,,,,,,,
3 BHK Builder Floor for Sale in Sector 28 Rohini New Delhi,,,,,,,,
3 BHK Apartment for Sale in Phase 2 Chhatarpur Enclave New Delhi,,,,,,,,
3 BHK Builder Floor for Sale in Shivalik Colony New Delhi,,,,,,,,
3 BHK Builder Floor for Sale in Nirman Vihar Preet Vihar New Delhi,,,,,,,,
"2 BHK Apartment for Sale in DDA Flats, Pocket F Sarita Vihar New Delhi",,,,,,,,
3 BHK Apartment for Sale in Vasant Kunj New Delhi,,,,,,,,
"3 BHK Builder Floor for Sale in Jangpura Extension, Jangpura New Delhi",,,,,,,,
"2 BHK Builder Floor for Sale in Moti Nagar, Kirti Nagar New Delhi",,,,,,,,
"3 BHK Apartment for Sale in DDA Ekta Apartments, A 2B Block Paschim Vihar New Delhi",,,,,,,,
3 BHK Apartment for Sale in Paschim Vihar New Delhi,,,,,,,,
2 BHK Builder Floor for Sale in Kalkaji New Delhi,,,,,,,,
3 BHK Builder Floor for Sale in New Rajendra Nagar New Delhi,,,,,,,,
"2 BHK Builder Floor for Sale in Rajpur Khurd Extension, Rajpur New Delhi",,,,,,,,
"2 BHK Apartment for Sale in DDA LIG Apartment Dilshad Garden, Block E Dilshad Garden New Delhi",,,,,,,,
3 BHK Apartment for Sale in Freedom Fighter Colony New Delhi,,,,,,,,
3 BHK Builder Floor for Sale in Mahavir Enclave New Delhi,,,,,,,,
3 BHK Builder Floor for Sale in Duggal Colony New Delhi,,,,,,,,
2 BHK House for Sale in Block E Jivan Park New Delhi,,,,,,,,
2 BHK Apartment for Sale in Sector 25 Rohini New Delhi,,,,,,,,
3 BHK Builder Floor for Sale in Hari Nagar New Delhi,,,,,,,,
2 BHK Penthouse for Sale in Green Park Extension New Delhi,,,,,,,,
"3 BHK Builder Floor for Sale in Tagore Garden, Rajouri Garden, Najafgarh Road New Delhi",,,,,,,,
"3 BHK Apartment for Sale in Parvana Vihar, Sector 9 Rohini New Delhi",,,,,,,,
2 BHK Builder Floor for Sale in Block A Shastri Nagar New Delhi,,,,,,,,
3 BHK Builder Floor for Sale in Bindapur New Delhi,,,,,,,,
"2 BHK Apartment for Sale in Sadh Nagar, Palam Village New Delhi",,,,,,,,
"2 BHK Apartment for Sale in Unity the Amaryllis, Karol Bagh New Delhi",,,,,,,,
3 BHK Builder Floor for Sale in Neb Sarai Sainik Farm New Delhi,,,,,,,,
3 BHK Apartment for Sale in Rajgarh Colony New Delhi,,,,,,,,
3 BHK Builder Floor for Sale in Green Park New Delhi,,,,,,,,
2 BHK Builder Floor for Sale in Block C Bhajanpura New Delhi,,,,,,,,
3 BHK Builder Floor for Sale in Sarvodaya Enclave New Delhi,,,,,,,,
"2 BHK Builder Floor for Sale in Old Mahavir Nagar, Tilak Nagar New Delhi",,,,,,,,
2 BHK Builder Floor for Sale in Sector 3 Rohini New Delhi,,,,,,,,
3 BHK Apartment for Sale in Bijwasan New Delhi,,,,,,,,
2 BHK Builder Floor for Sale in Malviya Nagar New Delhi,,,,,,,,
"3 BHK Apartment for Sale in Siddhartha Extension Pocket B, Maharani Bagh, New Friends Colony New Delhi",,,,,,,,
"2 BHK Apartment for Sale in Narmada Apartment, Alaknanda New Delhi",,,,,,,,
2 BHK Builder Floor for Sale in Sector 24 Rohini New Delhi,,,,,,,,
3 BHK House for Sale in Sector A Vasant Kunj New Delhi,,,,,,,,
2 BHK Builder Floor for Sale in Mandawali New Delhi,,,,,,,,
2 BHK Apartment for Sale in Laxmi Nagar New Delhi,,,,,,,,
3 BHK Apartment for Sale in Mahavir Enclave New Delhi,,,,,,,,
"3 BHK Apartment for Sale in Hauz Khas Enclave, Hauz Khas New Delhi",,,,,,,,
2 BHK Builder Floor for Sale in Sector 24 Rohini New Delhi,,,,,,,,
"3 BHK Builder Floor for Sale in Sukhdev Vihar, Okhla New Delhi",,,,,,,,
"3 BHK Builder Floor for Sale in Ashoka Niketan, Anand Vihar New Delhi",,,,,,,,
2 BHK Builder Floor for Sale in Lajpat Nagar 1 New Delhi,,,,,,,,
"2 BHK Apartment for Sale in Delhi Citizen Apartment, Sector 13 Rohini New Delhi",,,,,,,,
"3 BHK Apartment for Sale in Fancy Apartments, Vasundhara Enclave New Delhi",,,,,,,,
"2 BHK Apartment for Sale in DDA Kallol Apartments, IP Extension New Delhi",,,,,,,,
"2 BHK Apartment for Sale in Deshbandhu Apartments, Kalkaji New Delhi",,,,,,,,
"3 BHK Apartment for Sale in United Friends Apartment, Sector 6 Dwarka New Delhi",,,,,,,,
2 BHK Builder Floor for Sale in Lajpat Nagar 2 New Delhi,,,,,,,,
"3 BHK Builder Floor for Sale in Ambica Vihar, Meera Bagh, Paschim Vihar New Delhi",,,,,,,,
3 BHK Builder Floor for Sale in Ramesh Nagar New Delhi,,,,,,,,
"3 BHK Builder Floor for Sale in Maurya Enclave, Pitam Pura New Delhi",,,,,,,,
3 BHK Builder Floor for Sale in Saket New Delhi,,,,,,,,
2 BHK Builder Floor for Sale in Lajpat Nagar 1 New Delhi,,,,,,,,
"3 BHK Builder Floor for Sale in Kishangarh, Vasant Kunj New Delhi",,,,,,,,
"2 BHK Apartment for Sale in Sarvodaya Apartment, Dwarka New Delhi",,,,,,,,
"2 BHK Builder Floor for Sale in DDA Flats Pocket 6, Phase 3 Mayur Vihar New Delhi",,,,,,,,
"3 BHK House for Sale in Jharoda, Burari New Delhi",,,,,,,,
"3 BHK Builder Floor for Sale in Nehru Enclave, Nehru Enclave Chittaranjan Park New Delhi",,,,,,,,
"2 BHK Apartment for Sale in RWA Malviya Nagar, Malviya Nagar New Delhi",,,,,,,,
2 BHK Builder Floor for Sale in Sector 22 Rohini New Delhi,,,,,,,,
2 BHK Apartment for Sale in Vikaspuri New Delhi,,,,,,,,
3 BHK House for Sale in Mahavir Enclave Part 3 New Delhi,,,,,,,,
3 BHK Builder Floor for Sale in Sector 6 Dwarka New Delhi,,,,,,,,
"3 BHK Apartment for Sale in Panchvati, Vikaspuri New Delhi",,,,,,,,
3 BHK Builder Floor for Sale in East Of Kailash New Delhi,,,,,,,,
2 BHK Apartment for Sale in Burari New Delhi,,,,,,,,
"2 BHK Builder Floor for Sale in Vishwakarma Colony, Mehrauli Badarpur Road New Delhi",,,,,,,,
2 BHK House for Sale in Yamuna Vihar New Delhi,,,,,,,,
"3 BHK Apartment for Sale in Manu Apartment, Mayur Vihar 1 New Delhi",,,,,,,,
2 BHK Apartment for Sale in Sultanpur New Delhi,,,,,,,,
3 BHK Apartment for Sale in Sector 24 Rohini New Delhi,,,,,,,,
2 BHK Builder Floor for Sale in Sector 8 Dwarka New Delhi,,,,,,,,
3 BHK Builder Floor for Sale in Kalkaji New Delhi,,,,,,,,
2 BHK Builder Floor for Sale in Saket New Delhi,,,,,,,,
3 BHK Apartment for Sale in Vasant Kunj New Delhi,,,,,,,,
"3 BHK Apartment for Sale in B1 Vasant Kunj, Sector B Vasant Kunj New Delhi",,,,,,,,
2 BHK Apartment for Sale in IP Extension New Delhi,,,,,,,,
"2 BHK Apartment for Sale in DDA Flats Sarita Vihar, Sarita Vihar, Mathura Road New Delhi",,,,,,,,
"2 BHK Apartment for Sale in Moonlight Apartment, IP Extension New Delhi",,,,,,,,
3 BHK Apartment for Sale in Pitam Pura New Delhi,,,,,,,,
"3 BHK Builder Floor for Sale in Vigyan Vihar, Surajmal Vihar New Delhi",,,,,,,,
"3 BHK Apartment for Sale in Kalka Apartments, Sector 6 Dwarka New Delhi",,,,,,,,
2 BHK Apartment for Sale in Old JNU Campus New Delhi,,,,,,,,
"2 BHK Apartment for Sale in CGHS Kirti Apartments, Acharya Niketan, Mayur Vihar New Delhi",,,,,,,,
"3 BHK Apartment for Sale in Godrej Connaught One, Connaught Place New Delhi",,,,,,,,
3 BHK Builder Floor for Sale in Safdarjung Enclave New Delhi,,,,,,,,
"2 BHK Apartment for Sale in Saransh Apartment, IP Extension New Delhi",,,,,,,,
2 BHK Builder Floor for Sale in Lajpat Nagar 2 New Delhi,,,,,,,,
2 BHK Builder Floor for Sale in Vikaspuri New Delhi,,,,,,,,
"3 BHK Builder Floor for Sale in Jangpura Extension, Jangpura New Delhi",,,,,,,,
"2 BHK Builder Floor for Sale in Paryavaran Complex, Sainik Farm New Delhi",,,,,,,,
2 BHK Builder Floor for Sale in New Ashok Nagar New Delhi,,,,,,,,
3 BHK Builder Floor for Sale in Green Park New Delhi,,,,,,,,
3 BHK Builder Floor for Sale in Anand Niketan New Delhi,,,,,,,,
2 BHK Builder Floor for Sale in Ashok Nagar New Delhi,,,,,,,,
"3 BHK Builder Floor for Sale in East of Kailash , East Of Kailash New Delhi",,,,,,,,
"3 BHK Builder Floor for Sale in East of Kailash , East Of Kailash New Delhi",,,,,,,,
"3 BHK Apartment for Sale in Shree Radha Krishna Apartment, Sector 7 Dwarka New Delhi",,,,,,,,
"2 BHK House for Sale in DDA LIG Flat, Kalkaji New Delhi",,,,,,,,
2 BHK Builder Floor for Sale in Lajpat Nagar 1 New Delhi,,,,,,,,
"2 BHK Apartment for Sale in Gangotri Pocket C, Alaknanda New Delhi",,,,,,,,
"2 BHK Apartment for Sale in Gangotri Apartment, Vikaspuri New Delhi",,,,,,,,
3 BHK Builder Floor for Sale in Anand Vihar New Delhi,,,,,,,,
"2 BHK Apartment for Sale in Maitri Apartments, Mayur Vihar 1 New Delhi",,,,,,,,
"2 BHK Apartment for Sale in DDA Flats Munirka, Munirka New Delhi",,,,,,,,
3 BHK Builder Floor for Sale in Chittaranjan Park New Delhi,,,,,,,,
3 BHK Apartment for Sale in pawittra apartment New Delhi,,,,,,,,
"2 BHK Apartment for Sale in Vatika Apartments, Block B Mayapuri Industrial Area Phase 1 New Delhi",,,,,,,,
3 BHK Apartment for Sale in Pandav Nagar New Delhi,,,,,,,,
"3 BHK Apartment for Sale in Bathla Apartment, Patparganj New Delhi",,,,,,,,
"3 BHK Apartment for Sale in Mount Kailash, East Of Kailash New Delhi",,,,,,,,
"2 BHK Apartment for Sale in DDA Flats Sector 6, Dwarka New Delhi",,,,,,,,
"3 BHK Builder Floor for Sale in BU Block Pitampura, Poorvi Pitampura New Delhi",,,,,,,,
"3 BHK Apartment for Sale in DDA Freedom Fighter Enclave, Saket New Delhi",,,,,,,,
3 BHK Apartment for Sale in Pitam Pura New Delhi,,,,,,,,
2 BHK Builder Floor for Sale in Block M Vikaspuri New Delhi,,,,,,,,
"2 BHK Apartment for Sale in Rajpur Khurd Extension, Rajpur New Delhi",,,,,,,,
"3 BHK Apartment for Sale in NTPC Apartment, Sector 19 Dwarka New Delhi",,,,,,,,
"3 BHK Apartment for Sale in DDA Flats, Sarita Vihar, Mathura Road New Delhi",,,,,,,,
"3 BHK Apartment for Sale in Vidya Vihar Apartment, Sector 9 Rohini New Delhi",,,,,,,,
"2 BHK Apartment for Sale in Chetna Apartments, IP Extension New Delhi",,,,,,,,
"3 BHK Apartment for Sale in Supreme Enclave, Mayur Vihar 1 New Delhi",,,,,,,,
"3 BHK Builder Floor for Sale in Surajmal Vihar, Anand Vihar New Delhi",,,,,,,,
2 BHK Builder Floor for Sale in Bhajanpura New Delhi,,,,,,,,
2 BHK Builder Floor for Sale in Block 6 Subhash Nagar New Delhi,,,,,,,,
"2 BHK Apartment for Sale in Soochana Apartment, Vasundhara Enclave New Delhi",,,,,,,,
"3 BHK Apartment for Sale in DDA Flat Sector D Pocket 3, Vasant Kunj New Delhi",,,,,,,,
3 BHK Builder Floor for Sale in Lajpat Nagar 4 New Delhi,,,,,,,,
"2 BHK Apartment for Sale in Eklavya Apartment, Rohini New Delhi",,,,,,,,
"3 BHK Apartment for Sale in Maurya Apartment, IP Extension New Delhi",,,,,,,,
3 BHK Builder Floor for Sale in Mehrauli New Delhi,,,,,,,,
"3 BHK Apartment for Sale in DDA Tarang Apartment, Patparganj New Delhi",,,,,,,,
"3 BHK Apartment for Sale in CGHS Kirti Apartments, Mayur Vihar 1 New Delhi",,,,,,,,
3 BHK Apartment for Sale in Chattarpur Enclave New Delhi,,,,,,,,
2 BHK Apartment for Sale in C1A Block Janakpuri New Delhi,,,,,,,,
3 BHK Builder Floor for Sale in Block B1 Janakpuri New Delhi,,,,,,,,
3 BHK Builder Floor for Sale in Model Town New Delhi,,,,,,,,
2 BHK Builder Floor for Sale in Malviya Nagar New Delhi,,,,,,,,
3 BHK Builder Floor for Sale in Block A3 Janakpuri New Delhi,,,,,,,,
2 BHK Builder Floor for Sale in West Patel Nagar New Delhi,,,,,,,,
3 BHK Builder Floor for Sale in Ram Nagar Shahdara New Delhi,,,,,,,,
"3 BHK Builder Floor for Sale in Hudson Lane, GTB Nagar New Delhi",,,,,,,,
3 BHK Apartment for Sale in Greater Kailash New Delhi,,,,,,,,
2 BHK Builder Floor for Sale in Malviya Nagar New Delhi,,,,,,,,
3 BHK Builder Floor for Sale in Anand Vihar New Delhi,,,,,,,,
"3 BHK Builder Floor for Sale in RWA Sarvapriya Vihar, Sarvapriya Vihar New Delhi",,,,,,,,
2 BHK Builder Floor for Sale in Sector 24 Rohini New Delhi,,,,,,,,
3 BHK Builder Floor for Sale in Block B Surajmal Vihar New Delhi,,,,,,,,
3 BHK Villa for Sale in Sainik Farm New Delhi,,,,,,,,
2 BHK Builder Floor for Sale in Shalimar bagh New Delhi,,,,,,,,
2 BHK Builder Floor for Sale in Ramesh Nagar New Delhi,,,,,,,,
3 BHK Builder Floor for Sale in Chattarpur New Delhi,,,,,,,,
3 BHK Builder Floor for Sale in Greater Kailash Part 3 New Delhi,,,,,,,,
3 BHK Apartment for Sale in Phase 1 Mayur Vihar Extension New Delhi,,,,,,,,
3 BHK Builder Floor for Sale in Laxmi Nagar New Delhi,,,,,,,,
"3 BHK Builder Floor for Sale in Chanakya Place 1, Sitapuri New Delhi",,,,,,,,
"2 BHK Apartment for Sale in DDA Galaxy Apartments, Vikaspuri New Delhi",,,,,,,,
2 BHK Builder Floor for Sale in Shahdara New Delhi,,,,,,,,
3 BHK House for Sale in Punjabi Bagh New Delhi,,,,,,,,
2 BHK Builder Floor for Sale in Uttam Nagar New Delhi,,,,,,,,
3 BHK Builder Floor for Sale in Paschim Vihar New Delhi,,,,,,,,
2 BHK Builder Floor for Sale in Prahladpur New Delhi,,,,,,,,
3 BHK Builder Floor for Sale in C1A Block Janakpuri New Delhi,,,,,,,,
2 BHK Builder Floor for Sale in Amar Colony Lajpat Nagar 4 New Delhi,,,,,,,,
"3 BHK Apartment for Sale in Neelkanth Apartment, Sector 13 Rohini New Delhi",,,,,,,,
"3 BHK Apartment for Sale in DDA Pocket 1, Mayur Vihar 1 New Delhi",,,,,,,,
3 BHK Apartment for Sale in Sector 9 Rohini New Delhi,,,,,,,,
"2 BHK Apartment for Sale in Shekhar Apartments, Mayur Vihar 1 New Delhi",,,,,,,,
"3 BHK Apartment for Sale in DDA Flats Madangir, Karol Bagh New Delhi",,,,,,,,
"2 BHK Apartment for Sale in Soochana Apartment, Lahore Apartment New Delhi",,,,,,,,
"3 BHK Apartment for Sale in Neelkanth Apartment, Sector 13 Rohini New Delhi",,,,,,,,
"3 BHK Builder Floor for Sale in Premium Builder Floors, Defence Colony New Delhi",,,,,,,,
2 BHK Builder Floor for Sale in Hari Nagar New Delhi,,,,,,,,
"3 BHK Apartment for Sale in Godrej South Estate, Okhla New Delhi",,,,,,,,
"3 BHK Apartment for Sale in Narmada Apartment, Alaknanda New Delhi",,,,,,,,
3 BHK Builder Floor for Sale in Vasant Kunj New Delhi,,,,,,,,
"3 BHK Apartment for Sale in DLF One Midtown, Moti Nagar, Kirti Nagar New Delhi",,,,,,,,
3 BHK Builder Floor for Sale in DDA New Delhi,,,,,,,,
2 BHK Apartment for Sale in Mehrauli New Delhi,,,,,,,,
"2 BHK Apartment for Sale in Silver Oakwood Residency, Mehrauli New Delhi",,,,,,,,
3 BHK Builder Floor for Sale in Chattarpur Enclave New Delhi,,,,,,,,
2 BHK Builder Floor for Sale in Inder Puri New Delhi,,,,,,,,
2 BHK Builder Floor for Sale in Sector 22 Rohini New Delhi,,,,,,,,
"2 BHK Apartment for Sale in DDA Flats Pocket 4, Mayur Vihar 1 New Delhi",,,,,,,,
"3 BHK Builder Floor for Sale in Metrotech Builder Floors, Block G Saket New Delhi",,,,,,,,
"3 BHK Apartment for Sale in Rashmi Apartment, Pitam Pura New Delhi",,,,,,,,
"2 BHK Apartment for Sale in Devli Extention, Sangam Vihar New Delhi",,,,,,,,
3 BHK Apartment for Sale in Mayfair Gardens New Delhi,,,,,,,,
2 BHK Builder Floor for Sale in Jivan Park Rani Bagh New Delhi,,,,,,,,
2 BHK House for Sale in Block C2A Janakpuri New Delhi,,,,,,,,
2 BHK House for Sale in Ranaji Enclave Part 2 New Delhi,,,,,,,,
2 BHK Apartment for Sale in Mehrauli New Delhi,,,,,,,,
2 BHK Builder Floor for Sale in Sector 24 Rohini New Delhi,,,,,,,,
"2 BHK Builder Floor for Sale in Khanpur, Madangir New Delhi",,,,,,,,
"3 BHK Apartment for Sale in Sagar Apartment, Connaught Place New Delhi",,,,,,,,
"2 BHK Apartment for Sale in C9 Vasant Kunj, Sector C Vasant Kunj New Delhi",,,,,,,,
"2 BHK Apartment for Sale in Karishma Apartment, IP Extension New Delhi",,,,,,,,
"2 BHK Apartment for Sale in Kala Vihar Apartment, Mayur Vihar 1 New Delhi",,,,,,,,
"2 BHK Apartment for Sale in Kala Vihar Apartment, Mayur Vihar 1 New Delhi",,,,,,,,
"2 BHK Apartment for Sale in Prayag Apartments, Vasundhara Enclave New Delhi",,,,,,,,
"2 BHK Apartment for Sale in Hauz Khas Apartment, Hauz Khas New Delhi",,,,,,,,
2 BHK Builder Floor for Sale in Adarsh Nagar Extension New Delhi,,,,,,,,
3 BHK Builder Floor for Sale in Adarsh Nagar Extension New Delhi,,,,,,,,
3 BHK Builder Floor for Sale in Laxmi Nagar New Delhi,,,,,,,,
3 BHK Builder Floor for Sale in Guru Nanak Pura Laxmi Nagar New Delhi,,,,,,,,
2 BHK Builder Floor for Sale in Block A3 Paschim Vihar New Delhi,,,,,,,,
2 BHK Builder Floor for Sale in Anarkali Colony South New Delhi,,,,,,,,
"3 BHK Apartment for Sale in Vishal Apartment, Vasundhara Enclave New Delhi",,,,,,,,
"2 BHK Apartment for Sale in DDA Sunrise Apartment, Sector 1 Nasirpur New Delhi",,,,,,,,
"3 BHK Apartment for Sale in Sadh Nagar, Palam New Delhi",,,,,,,,
2 BHK House for Sale in Uttam Nagar West New Delhi,,,,,,,,
"3 BHK Builder Floor for Sale in Prashant Vihar, Rohini New Delhi",,,,,,,,
2 BHK Builder Floor for Sale in Shakarpur New Delhi,,,,,,,,
"3 BHK Builder Floor for Sale in New Chandrawal, Civil Lines New Delhi",,,,,,,,
3 BHK Apartment for Sale in Vijay Park New Delhi,,,,,,,,
2 BHK Builder Floor for Sale in Pocket 6 Sector 21 Rohini New Delhi,,,,,,,,
2 BHK Apartment for Sale in Arjun Nagar Safdarjung Enclave New Delhi,,,,,,,,
3 BHK Apartment for Sale in Uttam Nagar New Delhi,,,,,,,,
2 BHK Apartment for Sale in Babarpur New Delhi,,,,,,,,
2 BHK Apartment for Sale in Uttam Nagar New Delhi,,,,,,,,
"3 BHK Apartment for Sale in Godrej Prima, Okhla Phase 1 New Delhi",,,,,,,,
2 BHK Apartment for Sale in Mahavir Enclave Part 1 New Delhi,,,,,,,,
"3 BHK Apartment for Sale in Rajpur Khurd Extension, Rajpur New Delhi",,,,,,,,
"3 BHK Builder Floor for Sale in Asha Park, Fateh Nagar New Delhi",,,,,,,,
"3 BHK Apartment for Sale in DDA Pundrik Vihar, Saraswati Vihar New Delhi",,,,,,,,
2 BHK Apartment for Sale in Maujpur New Delhi,,,,,,,,
3 BHK Apartment for Sale in Shaheen bagh New Delhi,,,,,,,,
2 BHK Builder Floor for Sale in Nirman Vihar Preet Vihar New Delhi,,,,,,,,
3 BHK Builder Floor for Sale in Old Rajinder Nagar New Delhi,,,,,,,,
"3 BHK Builder Floor for Sale in Tagore Garden, Rajouri Garden, Najafgarh Road New Delhi",,,,,,,,
"2 BHK Builder Floor for Sale in Kamal Pur, Burari New Delhi",,,,,,,,
"3 BHK Apartment for Sale in Azad Apartment, IP Extension New Delhi",,,,,,,,
2 BHK Builder Floor for Sale in Dilshad Colony New Delhi,,,,,,,,
"3 BHK Builder Floor for Sale in Lalita Park, Laxmi Nagar New Delhi",,,,,,,,
2 BHK Builder Floor for Sale in IP Extension New Delhi,,,,,,,,
2 BHK Apartment for Sale in West Vinod Nagar New Delhi,,,,,,,,
2 BHK Builder Floor for Sale in Mehrauli New Delhi,,,,,,,,
"3 BHK Apartment for Sale in Madhur Apartment, Inder Enclave Paschim Vihar New Delhi",,,,,,,,
"3 BHK Apartment for Sale in AGCR Enclave, Karkardooma, Anand Vihar New Delhi",,,,,,,,
"3 BHK Builder Floor for Sale in Nirankari Colony, Mukherjee Nagar New Delhi",,,,,,,,
3 BHK Builder Floor for Sale in Jasola New Delhi,,,,,,,,
"2 BHK Apartment for Sale in Kotla Mubarakpur, South Extension New Delhi",,,,,,,,
3 BHK Apartment for Sale in Pandav Nagar New Delhi,,,,,,,,
2 BHK Builder Floor for Sale in Sector 16 Rohini New Delhi,,,,,,,,
"3 BHK Apartment for Sale in Mayfair Apartments, Mayfair Gardens New Delhi",,,,,,,,
"3 BHK Apartment for Sale in DDA Flats Pocket D, Pocket D Sarita Vihar New Delhi",,,,,,,,
"3 BHK Apartment for Sale in DDA Flats Pocket D, Pocket D Sarita Vihar New Delhi",,,,,,,,
3 BHK Builder Floor for Sale in Kohat Enclave New Delhi,,,,,,,,
"3 BHK Apartment for Sale in Project Gangotri Enclave, Alaknanda New Delhi",,,,,,,,
2 BHK Apartment for Sale in Mahavir Enclave Part 1 New Delhi,,,,,,,,
2 BHK Builder Floor for Sale in Pitam Pura New Delhi,,,,,,,,
2 BHK Builder Floor for Sale in Yamuna Vihar New Delhi,,,,,,,,
2 BHK Builder Floor for Sale in Mahavir Enclave Part 1 New Delhi,,,,,,,,
"3 BHK Apartment for Sale in Chitrakoot Apartment , Uttari Pitampura New Delhi",,,,,,,,
"2 BHK Builder Floor for Sale in Uttam Nagar East, Uttam Nagar New Delhi",,,,,,,,
"2 BHK Apartment for Sale in AG1 Pocket Vikaspuri, Block A1 Paschim Vihar New Delhi",,,,,,,,
"3 BHK Apartment for Sale in Shri Bala Ji Apartment, Sector 6 Dwarka New Delhi",,,,,,,,
"2 BHK Apartment for Sale in Vipin Garden, Uttam Nagar New Delhi",,,,,,,,
"2 BHK Apartment for Sale in Rosewoods Apartment, Mayur Vihar 1 New Delhi",,,,,,,,
"3 BHK Apartment for Sale in Rosewoods Apartment, Mayur Vihar 1 New Delhi",,,,,,,,
"2 BHK Apartment for Sale in Lucky Home Appartment, Sector 13 Rohini New Delhi",,,,,,,,
"2 BHK Apartment for Sale in Leiah Apartments, Vasundhara Enclave New Delhi",,,,,,,,
"2 BHK Builder Floor for Sale in B1 Vasant Kunj, Vasant Kunj New Delhi",,,,,,,,
"2 BHK Apartment for Sale in OCS Apartments, Mayur Vihar 1 New Delhi",,,,,,,,
"2 BHK Apartment for Sale in Jupiter Apartment, Vikaspuri New Delhi",,,,,,,,
"2 BHK Apartment for Sale in Navkunj Apartment, IP Extension New Delhi",,,,,,,,
"2 BHK Apartment for Sale in DDA MIG Flats Prasad Nagar Phase 2, Prasad Nagar New Delhi",,,,,,,,
"2 BHK Apartment for Sale in Manas Apartments, Mayur Vihar 1 New Delhi",,,,,,,,
"2 BHK Apartment for Sale in Kala Vihar Apartment, Mayur Vihar 1 New Delhi",,,,,,,,
"2 BHK Apartment for Sale in Abhimanyu Apartments, Vasundhara Enclave New Delhi",,,,,,,,
"2 BHK Apartment for Sale in Rama Krishna Apartment, IP Extension New Delhi",,,,,,,,
"3 BHK Apartment for Sale in Airport Apartments, Vikaspuri New Delhi",,,,,,,,
"2 BHK Apartment for Sale in Amrapali Apartment, Patparganj New Delhi",,,,,,,,
"2 BHK Apartment for Sale in DDA Flats Sector 3, Dwarka New Delhi",,,,,,,,
"2 BHK Apartment for Sale in DDA Mig Flats Sarita Vihar, Pocket E Sarita Vihar New Delhi",,,,,,,,
"3 BHK Builder Floor for Sale in Appu Enclave Apartment, Sector 11 Dwarka New Delhi",,,,,,,,
"2 BHK Apartment for Sale in Jai laxmi Apartments, IP Extension New Delhi",,,,,,,,
"3 BHK Apartment for Sale in Pawittra Apartment, Vasundhara Enclave New Delhi",,,,,,,,
"3 BHK Apartment for Sale in Habitat Apartment, Vasundhara Enclave New Delhi",,,,,,,,
"2 BHK Apartment for Sale in Vikram Nagar Apartment, Sector 12 Dwarka New Delhi",,,,,,,,
"2 BHK Apartment for Sale in Dakshinayan Apartment, Dwarka New Delhi",,,,,,,,
"3 BHK Builder Floor for Sale in DDA C4 Vasant Kunj, Vasant Kunj New Delhi",,,,,,,,
"3 BHK Builder Floor for Sale in Nauroji Nagar, Safdarjung Enclave New Delhi",,,,,,,,
"2 BHK Apartment for Sale in Radhey Puri East, Krishna Nagar New Delhi",,,,,,,,
"2 BHK Apartment for Sale in Supriya Apartments, Paschim Vihar New Delhi",,,,,,,,
2 BHK Apartment for Sale in Chander Vihar Nilothi New Delhi,,,,,,,,
"3 BHK Builder Floor for Sale in Nihal Vihar, Nangloi New Delhi",,,,,,,,
"3 BHK Apartment for Sale in IDC Apartments, Sector 11 Dwarka New Delhi",,,,,,,,
2 BHK Apartment for Sale in Phase 3 Ashok Vihar New Delhi,,,,,,,,
3 BHK Builder Floor for Sale in East Krishna Nagar New Delhi,,,,,,,,
2 BHK Builder Floor for Sale in Sant Garh Chaukhandi New Delhi,,,,,,,,
2 BHK Builder Floor for Sale in New Ashok Nagar New Delhi,,,,,,,,
2 BHK Builder Floor for Sale in Sector 16 Rohini New Delhi,,,,,,,,
2 BHK Builder Floor for Sale in Uttam Nagar New Delhi,,,,,,,,
2 BHK Builder Floor for Sale in Block C Uttam Nagar East New Delhi,,,,,,,,
2 BHK Apartment for Sale in Sector 24 Rohini New Delhi,,,,,,,,
3 BHK Apartment for Sale in Mandawali New Delhi,,,,,,,,
"3 BHK Builder Floor for Sale in Bharthal, Dwarka New Delhi",,,,,,,,
"3 BHK Builder Floor for Sale in Bhogal, Jangpura New Delhi",,,,,,,,
"3 BHK Apartment for Sale in Paradise Apartment, IP Extension New Delhi",,,,,,,,
2 BHK Builder Floor for Sale in Model Town New Delhi,,,,,,,,
"2 BHK Apartment for Sale in Sahridaya Apartment, Paschim Vihar New Delhi",,,,,,,,
"2 BHK Apartment for Sale in Nihal Vihar, New Delhi New Delhi",,,,,,,,
3 BHK Builder Floor for Sale in Janakpuri New Delhi,,,,,,,,
"3 BHK House for Sale in SFS Mukherjee Apartment, Mukherjee Nagar New Delhi",,,,,,,,
2 BHK Builder Floor for Sale in Arjan Garh New Delhi,,,,,,,,
"3 BHK Apartment for Sale in Abul Fazal Enclave Part 1, Okhla New Delhi",,,,,,,,
2 BHK House for Sale in Sant Nagar East of Kailash New Delhi,,,,,,,,
3 BHK Apartment for Sale in Laxmi Nagar New Delhi,,,,,,,,
2 BHK Apartment for Sale in Jaitpur Extension New Delhi,,,,,,,,
"2 BHK Builder Floor for Sale in DDA Pocket G 3, Sector 15 Rohini New Delhi",,,,,,,,
3 BHK Builder Floor for Sale in Hari Nagar New Delhi,,,,,,,,
"2 BHK Builder Floor for Sale in Sherpur, Mustafabad New Delhi",,,,,,,,
"2 BHK Apartment for Sale in Private Builders Independent Floor, South Extension 1 New Delhi",,,,,,,,
3 BHK Builder Floor for Sale in Dwarka Mor New Delhi,,,,,,,,
"3 BHK Builder Floor for Sale in Fateh Nagar, Janakpuri New Delhi",,,,,,,,
2 BHK Builder Floor for Sale in Uttam Nagar West New Delhi,,,,,,,,
2 BHK Builder Floor for Sale in West Sagarpur New Delhi,,,,,,,,
3 BHK Apartment for Sale in Owner Asha jaiswal New Delhi,,,,,,,,
2 BHK Builder Floor for Sale in Dwarka Mor New Delhi,,,,,,,,
2 BHK Builder Floor for Sale in Commonwealth Games Village New Delhi,,,,,,,,
2 BHK Builder Floor for Sale in Shalimar bagh New Delhi,,,,,,,,
2 BHK Builder Floor for Sale in Rajpur Khurd Village New Delhi,,,,,,,,
3 BHK Apartment for Sale in Mandakini Enclave Colony New Delhi,,,,,,,,
"3 BHK Builder Floor for Sale in Ajay Enclave, Ashok Nagar New Delhi",,,,,,,,
3 BHK Builder Floor for Sale in Sector 5 Rohini New Delhi,,,,,,,,
2 BHK House for Sale in Wazirabad New Delhi,,,,,,,,
2 BHK Builder Floor for Sale in Hauz Khas New Delhi,,,,,,,,
"2 BHK Builder Floor for Sale in Savitri Nagar Village, Sheikh Sarai New Delhi",,,,,,,,
2 BHK Builder Floor for Sale in Krishna Nagar New Delhi,,,,,,,,
3 BHK Builder Floor for Sale in Dwarka Mor New Delhi,,,,,,,,
2 BHK Builder Floor for Sale in Uttam Nagar West New Delhi,,,,,,,,
"3 BHK Builder Floor for Sale in Ranjeet Nagar, Shadipur New Delhi",,,,,,,,
2 BHK Builder Floor for Sale in Krishna Nagar New Delhi,,,,,,,,
2 BHK Apartment for Sale in Maujpur New Delhi,,,,,,,,
3 BHK Builder Floor for Sale in Rani Bagh Pitam Pura New Delhi,,,,,,,,
3 BHK Builder Floor for Sale in Shyam Enclave Karkardooma New Delhi,,,,,,,,
3 BHK Apartment for Sale in Tughlakabad Extension New Delhi,,,,,,,,
"3 BHK Apartment for Sale in DLF Chattarpur Farms, Chhatarpur Extension New Delhi",,,,,,,,
3 BHK Apartment for Sale in Block M Vikaspuri New Delhi,,,,,,,,
"3 BHK House for Sale in Baldev Park East, Krishna Nagar New Delhi",,,,,,,,
3 BHK Apartment for Sale in Dwarka Mor New Delhi,,,,,,,,
3 BHK House for Sale in Yamuna Vihar New Delhi,,,,,,,,
2 BHK Apartment for Sale in Lajpat Nagar 2 New Delhi,,,,,,,,
"2 BHK Apartment for Sale in Parwana Apartments, Mayur Vihar 1 New Delhi",,,,,,,,
"3 BHK Builder Floor for Sale in Palm Green, Sector 7 Dwarka New Delhi",,,,,,,,
"3 BHK Apartment for Sale in Abul Fazal Apartment, Vasundhara Enclave New Delhi",,,,,,,,
"2 BHK Apartment for Sale in Abul Fazal Apartment, Vasundhara Enclave New Delhi",,,,,,,,
"3 BHK Apartment for Sale in Retreat Apartments, IP Extension New Delhi",,,,,,,,
"3 BHK Apartment for Sale in Jai laxmi Apartments, IP Extension New Delhi",,,,,,,,
"2 BHK Apartment for Sale in Hauz Khas Apartment, Hauz Khas New Delhi",,,,,,,,
"2 BHK Apartment for Sale in Nehru Apartment, Kalkaji New Delhi",,,,,,,,
"2 BHK Apartment for Sale in Krishi Apartments, Block D Vikaspuri New Delhi",,,,,,,,
3 BHK Builder Floor for Sale in Sector 21 Rohini New Delhi,,,,,,,,
3 BHK Builder Floor for Sale in Laxmi Nagar New Delhi,,,,,,,,
"3 BHK Apartment for Sale in Rani Jhansi Road, Jhandewalan New Delhi",,,,,,,,
3 BHK Builder Floor for Sale in Tilak Nagar New Delhi,,,,,,,,
"3 BHK Apartment for Sale in Capital Apartment, Vasundhara Enclave New Delhi",,,,,,,,
3 BHK House for Sale in Rani Bagh Pitam Pura New Delhi,,,,,,,,
"3 BHK Apartment for Sale in West Rohtash nagar, Rohitash Nagar West New Delhi",,,,,,,,
"3 BHK Builder Floor for Sale in Prashant Vihar, Rohini New Delhi",,,,,,,,
2 BHK Builder Floor for Sale in Sanjay Enclave Bindapur New Delhi,,,,,,,,
2 BHK Builder Floor for Sale in West Patel Nagar New Delhi,,,,,,,,
"2 BHK Apartment for Sale in South Park Apartments, Kalkaji New Delhi",,,,,,,,
3 BHK House for Sale in Roshanpura Najafgarh New Delhi,,,,,,,,
3 BHK Builder Floor for Sale in Sector 16 Rohini New Delhi,,,,,,,,
"3 BHK Apartment for Sale in Kewal Park Extension, Azadpur New Delhi",,,,,,,,
2 BHK Apartment for Sale in Burari New Delhi,,,,,,,,
2 BHK Builder Floor for Sale in Chattarpur New Delhi,,,,,,,,
"3 BHK Apartment for Sale in Cottage Enclave, Paschim Vihar New Delhi",,,,,,,,
2 BHK Apartment for Sale in Paschim Vihar New Delhi,,,,,,,,
2 BHK Apartment for Sale in Kapas Hera New Delhi,,,,,,,,
3 BHK Apartment for Sale in DDA LIG Flat Keshav puram New Delhi,,,,,,,,
2 BHK Apartment for Sale in J-4/39-A New Delhi,,,,,,,,
2 BHK Apartment for Sale in Sector 15 Rohini New Delhi,,,,,,,,
"3 BHK Builder Floor for Sale in Ranjeet Nagar, Shadipur New Delhi",,,,,,,,
3 BHK Builder Floor for Sale in Basai Dara pur New Delhi,,,,,,,,
"2 BHK Apartment for Sale in LIG DDA Flat, Sector 11 Rohini New Delhi",,,,,,,,
2 BHK Builder Floor for Sale in West Vinod Nagar New Delhi,,,,,,,,
3 BHK Apartment for Sale in Kalyan Vihar New Delhi,,,,,,,,
"3 BHK Builder Floor for Sale in RWA Kalkaji Block D, Rwa E Block, Kalkaji New Delhi",,,,,,,,
3 BHK Builder Floor for Sale in Uttam Nagar West New Delhi,,,,,,,,
3 BHK Builder Floor for Sale in Daryaganj New Delhi,,,,,,,,
2 BHK Apartment for Sale in New Rohtak Road New Delhi,,,,,,,,
"3 BHK Apartment for Sale in Nav Vikas Apartments, Nav vikas apartments New Delhi",,,,,,,,
"2 BHK Apartment for Sale in Aayanagar Apartments, Aya Nagar New Delhi",,,,,,,,
"3 BHK Apartment for Sale in Paryatan Vihar, Vasundhara Enclave New Delhi",,,,,,,,
2 BHK Apartment for Sale in Bharat Vihar Dwarka New Delhi,,,,,,,,
3 BHK Apartment for Sale in Gopal Park New Delhi,,,,,,,,
3 BHK House for Sale in Adarsh Nagar New Delhi,,,,,,,,
3 BHK Builder Floor for Sale in Dilshad Colony New Delhi,,,,,,,,
3 BHK Builder Floor for Sale in Pitam Pura New Delhi,,,,,,,,
2 BHK House for Sale in Phase 1 Shyam Vihar New Delhi,,,,,,,,
"3 BHK Apartment for Sale in Lake View Apartment, Mehrauli New Delhi",,,,,,,,
3 BHK Builder Floor for Sale in Block O West Patel Nagar New Delhi,,,,,,,,
"2 BHK Apartment for Sale in Jai Dev Park, Jaidev Park, Punjabi Bagh New Delhi",,,,,,,,
3 BHK House for Sale in Block A Vikaspuri New Delhi,,,,,,,,
3 BHK Apartment for Sale in Rishi Nagar Pitam Pura New Delhi,,,,,,,,
3 BHK Builder Floor for Sale in Pocket 5 Sector 24 Near bank of india New Delhi,,,,,,,,
2 BHK Builder Floor for Sale in Tilak Nagar New Delhi,,,,,,,,
3 BHK House for Sale in East Gokalpur New Delhi,,,,,,,,
"3 BHK Builder Floor for Sale in Meenakshi Garden, Ashok Nagar New Delhi",,,,,,,,
2 BHK Builder Floor for Sale in Phase 3 Model Town New Delhi,,,,,,,,
"3 BHK Apartment for Sale in Rana Pratap Bagh, Ashok Vihar North New Delhi",,,,,,,,
2 BHK Builder Floor for Sale in Lajpat Nagar 2 New Delhi,,,,,,,,
2 BHK Builder Floor for Sale in Patpar Ganj Road New Delhi,,,,,,,,
3 BHK Apartment for Sale in Sector 16 Rohini New Delhi,,,,,,,,
3 BHK Builder Floor for Sale in Vishwas Nagar Extension New Delhi,,,,,,,,
2 BHK House for Sale in Sangam Vihar New Delhi,,,,,,,,
"3 BHK House for Sale in Supreme Enclave, Mayur Vihar Phase 1, New Delhi New Delhi",,,,,,,,
2 BHK Apartment for Sale in New Ashok Nagar New Delhi,,,,,,,,
"2 BHK Apartment for Sale in DDA LIG Flat, Kalkaji New Delhi",,,,,,,,
2 BHK Builder Floor for Sale in Shahdara New Delhi,,,,,,,,
3 BHK Builder Floor for Sale in Jeevan Park Bindapur New Delhi,,,,,,,,
2 BHK House for Sale in Pratap Nagar Maya Enclave New Delhi,,,,,,,,
"2 BHK Apartment for Sale in Jasola Pocket 10B LIG Houses Complex, Jasola New Delhi",,,,,,,,
"2 BHK Apartment for Sale in DDA HIG Housing Project Vasant Kunj, Vasant Kunj New Delhi",,,,,,,,
"2 BHK Apartment for Sale in DDA Dhruva Apartments, IP Extension New Delhi",,,,,,,,
3 BHK Builder Floor for Sale in Phase 2 Chattarpur Enclave New Delhi,,,,,,,,
"2 BHK Apartment for Sale in RWA Malviya Nagar, Malviya Nagar New Delhi",,,,,,,,
2 BHK Builder Floor for Sale in Mohan Garden Uttam Nagar New Delhi,,,,,,,,
"2 BHK House for Sale in Project Shiva Enclave, Paschim Vihar block A4 New Delhi",,,,,,,,
3 BHK Apartment for Sale in Block MS Nawada New Delhi,,,,,,,,
"2 BHK Builder Floor for Sale in Bhai Parmanand Colony, Mukherjee Nagar New Delhi",,,,,,,,
"2 BHK Apartment for Sale in Nirankari Colony, Mukherjee Nagar New Delhi",,,,,,,,
3 BHK House for Sale in Balbir Nagar Shahdara New Delhi,,,,,,,,
